timestamp,service,metric,value
2026-09-30T13:00:00.000Z,payment-service,http_5xx_per_min,27.4
2026-09-30T13:00:00.000Z,payment-service,http_p99_latency_ms,254.1
2026-09-30T13:00:00.000Z,payment-service,refund_requests_per_min,1.1
2026-09-30T13:00:00.000Z,payments-db,active_connections,11.0
2026-09-30T13:00:00.000Z,payments-db,query_p99_ms,8.0
2026-09-30T13:00:00.000Z,fraud-api,p99_latency_ms,124.7
2026-09-30T13:00:00.000Z,checkout-service,http_5xx_per_min,4.0
2026-09-30T13:00:00.000Z,notification-service,email_failures_per_min,1.1
2026-09-30T13:01:00.000Z,payment-service,http_5xx_per_min,26.6
2026-09-30T13:01:00.000Z,payment-service,http_p99_latency_ms,243.5
2026-09-30T13:01:00.000Z,payment-service,refund_requests_per_min,2.7
2026-09-30T13:01:00.000Z,payments-db,active_connections,10.0
2026-09-30T13:01:00.000Z,payments-db,query_p99_ms,9.4
2026-09-30T13:01:00.000Z,fraud-api,p99_latency_ms,129.2
2026-09-30T13:01:00.000Z,checkout-service,http_5xx_per_min,4.3
2026-09-30T13:01:00.000Z,notification-service,email_failures_per_min,0.6
2026-09-30T13:02:00.000Z,payment-service,http_5xx_per_min,27.2
2026-09-30T13:02:00.000Z,payment-service,http_p99_latency_ms,258.8
2026-09-30T13:02:00.000Z,payment-service,refund_requests_per_min,1.6
2026-09-30T13:02:00.000Z,payments-db,active_connections,12.0
2026-09-30T13:02:00.000Z,payments-db,query_p99_ms,8.7
2026-09-30T13:02:00.000Z,fraud-api,p99_latency_ms,111.9
2026-09-30T13:02:00.000Z,checkout-service,http_5xx_per_min,4.2
2026-09-30T13:02:00.000Z,notification-service,email_failures_per_min,0.8
2026-09-30T13:03:00.000Z,payment-service,http_5xx_per_min,23.2
2026-09-30T13:03:00.000Z,payment-service,http_p99_latency_ms,245.5
2026-09-30T13:03:00.000Z,payment-service,refund_requests_per_min,2.7
2026-09-30T13:03:00.000Z,payments-db,active_connections,12.0
2026-09-30T13:03:00.000Z,payments-db,query_p99_ms,10.1
2026-09-30T13:03:00.000Z,fraud-api,p99_latency_ms,123.8
2026-09-30T13:03:00.000Z,checkout-service,http_5xx_per_min,4.0
2026-09-30T13:03:00.000Z,notification-service,email_failures_per_min,1.4
2026-09-30T13:04:00.000Z,payment-service,http_5xx_per_min,26.7
2026-09-30T13:04:00.000Z,payment-service,http_p99_latency_ms,242.9
2026-09-30T13:04:00.000Z,payment-service,refund_requests_per_min,1.7
2026-09-30T13:04:00.000Z,payments-db,active_connections,11.0
2026-09-30T13:04:00.000Z,payments-db,query_p99_ms,10.7
2026-09-30T13:04:00.000Z,fraud-api,p99_latency_ms,124.4
2026-09-30T13:04:00.000Z,checkout-service,http_5xx_per_min,3.7
2026-09-30T13:04:00.000Z,notification-service,email_failures_per_min,0.6
2026-09-30T13:05:00.000Z,payment-service,http_5xx_per_min,25.0
2026-09-30T13:05:00.000Z,payment-service,http_p99_latency_ms,223.0
2026-09-30T13:05:00.000Z,payment-service,refund_requests_per_min,1.2
2026-09-30T13:05:00.000Z,payments-db,active_connections,12.0
2026-09-30T13:05:00.000Z,payments-db,query_p99_ms,7.1
2026-09-30T13:05:00.000Z,fraud-api,p99_latency_ms,126.6
2026-09-30T13:05:00.000Z,checkout-service,http_5xx_per_min,3.3
2026-09-30T13:05:00.000Z,notification-service,email_failures_per_min,1.4
2026-09-30T13:06:00.000Z,payment-service,http_5xx_per_min,25.4
2026-09-30T13:06:00.000Z,payment-service,http_p99_latency_ms,220.8
2026-09-30T13:06:00.000Z,payment-service,refund_requests_per_min,2.3
2026-09-30T13:06:00.000Z,payments-db,active_connections,10.0
2026-09-30T13:06:00.000Z,payments-db,query_p99_ms,7.1
2026-09-30T13:06:00.000Z,fraud-api,p99_latency_ms,119.9
2026-09-30T13:06:00.000Z,checkout-service,http_5xx_per_min,4.0
2026-09-30T13:06:00.000Z,notification-service,email_failures_per_min,1.0
2026-09-30T13:07:00.000Z,payment-service,http_5xx_per_min,26.7
2026-09-30T13:07:00.000Z,payment-service,http_p99_latency_ms,228.5
2026-09-30T13:07:00.000Z,payment-service,refund_requests_per_min,1.9
2026-09-30T13:07:00.000Z,payments-db,active_connections,13.0
2026-09-30T13:07:00.000Z,payments-db,query_p99_ms,10.7
2026-09-30T13:07:00.000Z,fraud-api,p99_latency_ms,120.8
2026-09-30T13:07:00.000Z,checkout-service,http_5xx_per_min,4.0
2026-09-30T13:07:00.000Z,notification-service,email_failures_per_min,1.5
2026-09-30T13:08:00.000Z,payment-service,http_5xx_per_min,22.0
2026-09-30T13:08:00.000Z,payment-service,http_p99_latency_ms,249.2
2026-09-30T13:08:00.000Z,payment-service,refund_requests_per_min,2.6
2026-09-30T13:08:00.000Z,payments-db,active_connections,11.0
2026-09-30T13:08:00.000Z,payments-db,query_p99_ms,7.1
2026-09-30T13:08:00.000Z,fraud-api,p99_latency_ms,116.6
2026-09-30T13:08:00.000Z,checkout-service,http_5xx_per_min,3.8
2026-09-30T13:08:00.000Z,notification-service,email_failures_per_min,1.5
2026-09-30T13:09:00.000Z,payment-service,http_5xx_per_min,25.1
2026-09-30T13:09:00.000Z,payment-service,http_p99_latency_ms,224.6
2026-09-30T13:09:00.000Z,payment-service,refund_requests_per_min,2.2
2026-09-30T13:09:00.000Z,payments-db,active_connections,11.0
2026-09-30T13:09:00.000Z,payments-db,query_p99_ms,9.8
2026-09-30T13:09:00.000Z,fraud-api,p99_latency_ms,116.0
2026-09-30T13:09:00.000Z,checkout-service,http_5xx_per_min,5.0
2026-09-30T13:09:00.000Z,notification-service,email_failures_per_min,1.1
2026-09-30T13:10:00.000Z,payment-service,http_5xx_per_min,26.3
2026-09-30T13:10:00.000Z,payment-service,http_p99_latency_ms,229.5
2026-09-30T13:10:00.000Z,payment-service,refund_requests_per_min,2.4
2026-09-30T13:10:00.000Z,payments-db,active_connections,13.0
2026-09-30T13:10:00.000Z,payments-db,query_p99_ms,8.4
2026-09-30T13:10:00.000Z,fraud-api,p99_latency_ms,112.0
2026-09-30T13:10:00.000Z,checkout-service,http_5xx_per_min,4.5
2026-09-30T13:10:00.000Z,notification-service,email_failures_per_min,0.8
2026-09-30T13:11:00.000Z,payment-service,http_5xx_per_min,26.8
2026-09-30T13:11:00.000Z,payment-service,http_p99_latency_ms,258.0
2026-09-30T13:11:00.000Z,payment-service,refund_requests_per_min,2.9
2026-09-30T13:11:00.000Z,payments-db,active_connections,13.0
2026-09-30T13:11:00.000Z,payments-db,query_p99_ms,9.9
2026-09-30T13:11:00.000Z,fraud-api,p99_latency_ms,122.2
2026-09-30T13:11:00.000Z,checkout-service,http_5xx_per_min,3.6
2026-09-30T13:11:00.000Z,notification-service,email_failures_per_min,0.8
2026-09-30T13:12:00.000Z,payment-service,http_5xx_per_min,24.5
2026-09-30T13:12:00.000Z,payment-service,http_p99_latency_ms,239.8
2026-09-30T13:12:00.000Z,payment-service,refund_requests_per_min,1.6
2026-09-30T13:12:00.000Z,payments-db,active_connections,11.0
2026-09-30T13:12:00.000Z,payments-db,query_p99_ms,8.3
2026-09-30T13:12:00.000Z,fraud-api,p99_latency_ms,119.0
2026-09-30T13:12:00.000Z,checkout-service,http_5xx_per_min,4.6
2026-09-30T13:12:00.000Z,notification-service,email_failures_per_min,0.7
2026-09-30T13:13:00.000Z,payment-service,http_5xx_per_min,26.2
2026-09-30T13:13:00.000Z,payment-service,http_p99_latency_ms,255.9
2026-09-30T13:13:00.000Z,payment-service,refund_requests_per_min,2.9
2026-09-30T13:13:00.000Z,payments-db,active_connections,12.0
2026-09-30T13:13:00.000Z,payments-db,query_p99_ms,7.8
2026-09-30T13:13:00.000Z,fraud-api,p99_latency_ms,126.6
2026-09-30T13:13:00.000Z,checkout-service,http_5xx_per_min,4.3
2026-09-30T13:13:00.000Z,notification-service,email_failures_per_min,1.0
2026-09-30T13:14:00.000Z,payment-service,http_5xx_per_min,24.1
2026-09-30T13:14:00.000Z,payment-service,http_p99_latency_ms,231.9
2026-09-30T13:14:00.000Z,payment-service,refund_requests_per_min,1.1
2026-09-30T13:14:00.000Z,payments-db,active_connections,11.0
2026-09-30T13:14:00.000Z,payments-db,query_p99_ms,8.0
2026-09-30T13:14:00.000Z,fraud-api,p99_latency_ms,117.5
2026-09-30T13:14:00.000Z,checkout-service,http_5xx_per_min,3.3
2026-09-30T13:14:00.000Z,notification-service,email_failures_per_min,1.1
2026-09-30T13:15:00.000Z,payment-service,http_5xx_per_min,24.2
2026-09-30T13:15:00.000Z,payment-service,http_p99_latency_ms,243.2
2026-09-30T13:15:00.000Z,payment-service,refund_requests_per_min,1.9
2026-09-30T13:15:00.000Z,payments-db,active_connections,11.0
2026-09-30T13:15:00.000Z,payments-db,query_p99_ms,10.5
2026-09-30T13:15:00.000Z,fraud-api,p99_latency_ms,112.2
2026-09-30T13:15:00.000Z,checkout-service,http_5xx_per_min,4.7
2026-09-30T13:15:00.000Z,notification-service,email_failures_per_min,1.2
2026-09-30T13:16:00.000Z,payment-service,http_5xx_per_min,22.6
2026-09-30T13:16:00.000Z,payment-service,http_p99_latency_ms,236.3
2026-09-30T13:16:00.000Z,payment-service,refund_requests_per_min,2.9
2026-09-30T13:16:00.000Z,payments-db,active_connections,14.0
2026-09-30T13:16:00.000Z,payments-db,query_p99_ms,7.2
2026-09-30T13:16:00.000Z,fraud-api,p99_latency_ms,111.3
2026-09-30T13:16:00.000Z,checkout-service,http_5xx_per_min,3.2
2026-09-30T13:16:00.000Z,notification-service,email_failures_per_min,0.7
2026-09-30T13:17:00.000Z,payment-service,http_5xx_per_min,27.8
2026-09-30T13:17:00.000Z,payment-service,http_p99_latency_ms,253.7
2026-09-30T13:17:00.000Z,payment-service,refund_requests_per_min,1.9
2026-09-30T13:17:00.000Z,payments-db,active_connections,13.0
2026-09-30T13:17:00.000Z,payments-db,query_p99_ms,9.2
2026-09-30T13:17:00.000Z,fraud-api,p99_latency_ms,125.6
2026-09-30T13:17:00.000Z,checkout-service,http_5xx_per_min,4.9
2026-09-30T13:17:00.000Z,notification-service,email_failures_per_min,1.1
2026-09-30T13:18:00.000Z,payment-service,http_5xx_per_min,22.8
2026-09-30T13:18:00.000Z,payment-service,http_p99_latency_ms,239.3
2026-09-30T13:18:00.000Z,payment-service,refund_requests_per_min,1.1
2026-09-30T13:18:00.000Z,payments-db,active_connections,12.0
2026-09-30T13:18:00.000Z,payments-db,query_p99_ms,9.7
2026-09-30T13:18:00.000Z,fraud-api,p99_latency_ms,113.9
2026-09-30T13:18:00.000Z,checkout-service,http_5xx_per_min,4.1
2026-09-30T13:18:00.000Z,notification-service,email_failures_per_min,1.1
2026-09-30T13:19:00.000Z,payment-service,http_5xx_per_min,25.2
2026-09-30T13:19:00.000Z,payment-service,http_p99_latency_ms,223.0
2026-09-30T13:19:00.000Z,payment-service,refund_requests_per_min,1.9
2026-09-30T13:19:00.000Z,payments-db,active_connections,13.0
2026-09-30T13:19:00.000Z,payments-db,query_p99_ms,10.0
2026-09-30T13:19:00.000Z,fraud-api,p99_latency_ms,125.0
2026-09-30T13:19:00.000Z,checkout-service,http_5xx_per_min,3.1
2026-09-30T13:19:00.000Z,notification-service,email_failures_per_min,1.3
2026-09-30T13:20:00.000Z,payment-service,http_5xx_per_min,22.3
2026-09-30T13:20:00.000Z,payment-service,http_p99_latency_ms,220.6
2026-09-30T13:20:00.000Z,payment-service,refund_requests_per_min,2.4
2026-09-30T13:20:00.000Z,payments-db,active_connections,12.0
2026-09-30T13:20:00.000Z,payments-db,query_p99_ms,8.0
2026-09-30T13:20:00.000Z,fraud-api,p99_latency_ms,113.1
2026-09-30T13:20:00.000Z,checkout-service,http_5xx_per_min,4.6
2026-09-30T13:20:00.000Z,notification-service,email_failures_per_min,0.9
2026-09-30T13:21:00.000Z,payment-service,http_5xx_per_min,26.1
2026-09-30T13:21:00.000Z,payment-service,http_p99_latency_ms,228.3
2026-09-30T13:21:00.000Z,payment-service,refund_requests_per_min,2.2
2026-09-30T13:21:00.000Z,payments-db,active_connections,13.0
2026-09-30T13:21:00.000Z,payments-db,query_p99_ms,9.3
2026-09-30T13:21:00.000Z,fraud-api,p99_latency_ms,129.7
2026-09-30T13:21:00.000Z,checkout-service,http_5xx_per_min,3.7
2026-09-30T13:21:00.000Z,notification-service,email_failures_per_min,0.6
2026-09-30T13:22:00.000Z,payment-service,http_5xx_per_min,26.1
2026-09-30T13:22:00.000Z,payment-service,http_p99_latency_ms,227.8
2026-09-30T13:22:00.000Z,payment-service,refund_requests_per_min,1.5
2026-09-30T13:22:00.000Z,payments-db,active_connections,12.0
2026-09-30T13:22:00.000Z,payments-db,query_p99_ms,8.7
2026-09-30T13:22:00.000Z,fraud-api,p99_latency_ms,117.9
2026-09-30T13:22:00.000Z,checkout-service,http_5xx_per_min,3.4
2026-09-30T13:22:00.000Z,notification-service,email_failures_per_min,0.6
2026-09-30T13:23:00.000Z,payment-service,http_5xx_per_min,27.7
2026-09-30T13:23:00.000Z,payment-service,http_p99_latency_ms,258.0
2026-09-30T13:23:00.000Z,payment-service,refund_requests_per_min,2.3
2026-09-30T13:23:00.000Z,payments-db,active_connections,11.0
2026-09-30T13:23:00.000Z,payments-db,query_p99_ms,10.6
2026-09-30T13:23:00.000Z,fraud-api,p99_latency_ms,122.5
2026-09-30T13:23:00.000Z,checkout-service,http_5xx_per_min,3.7
2026-09-30T13:23:00.000Z,notification-service,email_failures_per_min,1.3
2026-09-30T13:24:00.000Z,payment-service,http_5xx_per_min,27.4
2026-09-30T13:24:00.000Z,payment-service,http_p99_latency_ms,250.3
2026-09-30T13:24:00.000Z,payment-service,refund_requests_per_min,2.9
2026-09-30T13:24:00.000Z,payments-db,active_connections,11.0
2026-09-30T13:24:00.000Z,payments-db,query_p99_ms,8.3
2026-09-30T13:24:00.000Z,fraud-api,p99_latency_ms,123.5
2026-09-30T13:24:00.000Z,checkout-service,http_5xx_per_min,3.8
2026-09-30T13:24:00.000Z,notification-service,email_failures_per_min,0.8
2026-09-30T13:25:00.000Z,payment-service,http_5xx_per_min,23.9
2026-09-30T13:25:00.000Z,payment-service,http_p99_latency_ms,231.9
2026-09-30T13:25:00.000Z,payment-service,refund_requests_per_min,2.4
2026-09-30T13:25:00.000Z,payments-db,active_connections,13.0
2026-09-30T13:25:00.000Z,payments-db,query_p99_ms,8.7
2026-09-30T13:25:00.000Z,fraud-api,p99_latency_ms,121.3
2026-09-30T13:25:00.000Z,checkout-service,http_5xx_per_min,4.0
2026-09-30T13:25:00.000Z,notification-service,email_failures_per_min,1.3
2026-09-30T13:26:00.000Z,payment-service,http_5xx_per_min,26.2
2026-09-30T13:26:00.000Z,payment-service,http_p99_latency_ms,252.8
2026-09-30T13:26:00.000Z,payment-service,refund_requests_per_min,1.9
2026-09-30T13:26:00.000Z,payments-db,active_connections,12.0
2026-09-30T13:26:00.000Z,payments-db,query_p99_ms,8.0
2026-09-30T13:26:00.000Z,fraud-api,p99_latency_ms,111.1
2026-09-30T13:26:00.000Z,checkout-service,http_5xx_per_min,3.9
2026-09-30T13:26:00.000Z,notification-service,email_failures_per_min,1.0
2026-09-30T13:27:00.000Z,payment-service,http_5xx_per_min,26.7
2026-09-30T13:27:00.000Z,payment-service,http_p99_latency_ms,247.2
2026-09-30T13:27:00.000Z,payment-service,refund_requests_per_min,1.8
2026-09-30T13:27:00.000Z,payments-db,active_connections,12.0
2026-09-30T13:27:00.000Z,payments-db,query_p99_ms,8.6
2026-09-30T13:27:00.000Z,fraud-api,p99_latency_ms,120.1
2026-09-30T13:27:00.000Z,checkout-service,http_5xx_per_min,4.4
2026-09-30T13:27:00.000Z,notification-service,email_failures_per_min,0.7
2026-09-30T13:28:00.000Z,payment-service,http_5xx_per_min,26.1
2026-09-30T13:28:00.000Z,payment-service,http_p99_latency_ms,231.1
2026-09-30T13:28:00.000Z,payment-service,refund_requests_per_min,2.9
2026-09-30T13:28:00.000Z,payments-db,active_connections,10.0
2026-09-30T13:28:00.000Z,payments-db,query_p99_ms,8.5
2026-09-30T13:28:00.000Z,fraud-api,p99_latency_ms,126.6
2026-09-30T13:28:00.000Z,checkout-service,http_5xx_per_min,4.3
2026-09-30T13:28:00.000Z,notification-service,email_failures_per_min,0.9
2026-09-30T13:29:00.000Z,payment-service,http_5xx_per_min,27.9
2026-09-30T13:29:00.000Z,payment-service,http_p99_latency_ms,237.1
2026-09-30T13:29:00.000Z,payment-service,refund_requests_per_min,2.8
2026-09-30T13:29:00.000Z,payments-db,active_connections,11.0
2026-09-30T13:29:00.000Z,payments-db,query_p99_ms,8.9
2026-09-30T13:29:00.000Z,fraud-api,p99_latency_ms,124.1
2026-09-30T13:29:00.000Z,checkout-service,http_5xx_per_min,3.1
2026-09-30T13:29:00.000Z,notification-service,email_failures_per_min,0.7
2026-09-30T13:30:00.000Z,payment-service,http_5xx_per_min,27.6
2026-09-30T13:30:00.000Z,payment-service,http_p99_latency_ms,253.9
2026-09-30T13:30:00.000Z,payment-service,refund_requests_per_min,1.3
2026-09-30T13:30:00.000Z,payments-db,active_connections,14.0
2026-09-30T13:30:00.000Z,payments-db,query_p99_ms,10.3
2026-09-30T13:30:00.000Z,fraud-api,p99_latency_ms,124.9
2026-09-30T13:30:00.000Z,checkout-service,http_5xx_per_min,3.5
2026-09-30T13:30:00.000Z,notification-service,email_failures_per_min,1.2
2026-09-30T13:31:00.000Z,payment-service,http_5xx_per_min,27.5
2026-09-30T13:31:00.000Z,payment-service,http_p99_latency_ms,225.3
2026-09-30T13:31:00.000Z,payment-service,refund_requests_per_min,1.7
2026-09-30T13:31:00.000Z,payments-db,active_connections,14.0
2026-09-30T13:31:00.000Z,payments-db,query_p99_ms,8.7
2026-09-30T13:31:00.000Z,fraud-api,p99_latency_ms,111.6
2026-09-30T13:31:00.000Z,checkout-service,http_5xx_per_min,4.4
2026-09-30T13:31:00.000Z,notification-service,email_failures_per_min,1.1
2026-09-30T13:32:00.000Z,payment-service,http_5xx_per_min,22.6
2026-09-30T13:32:00.000Z,payment-service,http_p99_latency_ms,240.3
2026-09-30T13:32:00.000Z,payment-service,refund_requests_per_min,2.7
2026-09-30T13:32:00.000Z,payments-db,active_connections,12.0
2026-09-30T13:32:00.000Z,payments-db,query_p99_ms,9.9
2026-09-30T13:32:00.000Z,fraud-api,p99_latency_ms,122.5
2026-09-30T13:32:00.000Z,checkout-service,http_5xx_per_min,4.0
2026-09-30T13:32:00.000Z,notification-service,email_failures_per_min,1.3
2026-09-30T13:33:00.000Z,payment-service,http_5xx_per_min,24.6
2026-09-30T13:33:00.000Z,payment-service,http_p99_latency_ms,239.0
2026-09-30T13:33:00.000Z,payment-service,refund_requests_per_min,2.2
2026-09-30T13:33:00.000Z,payments-db,active_connections,14.0
2026-09-30T13:33:00.000Z,payments-db,query_p99_ms,8.8
2026-09-30T13:33:00.000Z,fraud-api,p99_latency_ms,126.6
2026-09-30T13:33:00.000Z,checkout-service,http_5xx_per_min,4.9
2026-09-30T13:33:00.000Z,notification-service,email_failures_per_min,0.8
2026-09-30T13:34:00.000Z,payment-service,http_5xx_per_min,26.5
2026-09-30T13:34:00.000Z,payment-service,http_p99_latency_ms,231.9
2026-09-30T13:34:00.000Z,payment-service,refund_requests_per_min,2.8
2026-09-30T13:34:00.000Z,payments-db,active_connections,13.0
2026-09-30T13:34:00.000Z,payments-db,query_p99_ms,8.0
2026-09-30T13:34:00.000Z,fraud-api,p99_latency_ms,126.5
2026-09-30T13:34:00.000Z,checkout-service,http_5xx_per_min,4.4
2026-09-30T13:34:00.000Z,notification-service,email_failures_per_min,1.0
2026-09-30T13:35:00.000Z,payment-service,http_5xx_per_min,27.9
2026-09-30T13:35:00.000Z,payment-service,http_p99_latency_ms,238.1
2026-09-30T13:35:00.000Z,payment-service,refund_requests_per_min,2.1
2026-09-30T13:35:00.000Z,payments-db,active_connections,13.0
2026-09-30T13:35:00.000Z,payments-db,query_p99_ms,10.8
2026-09-30T13:35:00.000Z,fraud-api,p99_latency_ms,114.3
2026-09-30T13:35:00.000Z,checkout-service,http_5xx_per_min,3.9
2026-09-30T13:35:00.000Z,notification-service,email_failures_per_min,1.1
2026-09-30T13:36:00.000Z,payment-service,http_5xx_per_min,26.5
2026-09-30T13:36:00.000Z,payment-service,http_p99_latency_ms,224.3
2026-09-30T13:36:00.000Z,payment-service,refund_requests_per_min,2.8
2026-09-30T13:36:00.000Z,payments-db,active_connections,12.0
2026-09-30T13:36:00.000Z,payments-db,query_p99_ms,10.0
2026-09-30T13:36:00.000Z,fraud-api,p99_latency_ms,111.0
2026-09-30T13:36:00.000Z,checkout-service,http_5xx_per_min,4.1
2026-09-30T13:36:00.000Z,notification-service,email_failures_per_min,1.2
2026-09-30T13:37:00.000Z,payment-service,http_5xx_per_min,23.5
2026-09-30T13:37:00.000Z,payment-service,http_p99_latency_ms,246.1
2026-09-30T13:37:00.000Z,payment-service,refund_requests_per_min,2.6
2026-09-30T13:37:00.000Z,payments-db,active_connections,14.0
2026-09-30T13:37:00.000Z,payments-db,query_p99_ms,7.4
2026-09-30T13:37:00.000Z,fraud-api,p99_latency_ms,112.0
2026-09-30T13:37:00.000Z,checkout-service,http_5xx_per_min,4.4
2026-09-30T13:37:00.000Z,notification-service,email_failures_per_min,0.6
2026-09-30T13:38:00.000Z,payment-service,http_5xx_per_min,26.8
2026-09-30T13:38:00.000Z,payment-service,http_p99_latency_ms,258.7
2026-09-30T13:38:00.000Z,payment-service,refund_requests_per_min,1.2
2026-09-30T13:38:00.000Z,payments-db,active_connections,10.0
2026-09-30T13:38:00.000Z,payments-db,query_p99_ms,7.2
2026-09-30T13:38:00.000Z,fraud-api,p99_latency_ms,125.3
2026-09-30T13:38:00.000Z,checkout-service,http_5xx_per_min,4.7
2026-09-30T13:38:00.000Z,notification-service,email_failures_per_min,0.9
2026-09-30T13:39:00.000Z,payment-service,http_5xx_per_min,25.5
2026-09-30T13:39:00.000Z,payment-service,http_p99_latency_ms,231.0
2026-09-30T13:39:00.000Z,payment-service,refund_requests_per_min,2.8
2026-09-30T13:39:00.000Z,payments-db,active_connections,13.0
2026-09-30T13:39:00.000Z,payments-db,query_p99_ms,7.4
2026-09-30T13:39:00.000Z,fraud-api,p99_latency_ms,113.5
2026-09-30T13:39:00.000Z,checkout-service,http_5xx_per_min,4.8
2026-09-30T13:39:00.000Z,notification-service,email_failures_per_min,1.2
2026-09-30T13:40:00.000Z,payment-service,http_5xx_per_min,27.0
2026-09-30T13:40:00.000Z,payment-service,http_p99_latency_ms,255.4
2026-09-30T13:40:00.000Z,payment-service,refund_requests_per_min,2.4
2026-09-30T13:40:00.000Z,payments-db,active_connections,12.0
2026-09-30T13:40:00.000Z,payments-db,query_p99_ms,8.7
2026-09-30T13:40:00.000Z,fraud-api,p99_latency_ms,124.8
2026-09-30T13:40:00.000Z,checkout-service,http_5xx_per_min,3.7
2026-09-30T13:40:00.000Z,notification-service,email_failures_per_min,0.8
2026-09-30T13:41:00.000Z,payment-service,http_5xx_per_min,26.0
2026-09-30T13:41:00.000Z,payment-service,http_p99_latency_ms,220.2
2026-09-30T13:41:00.000Z,payment-service,refund_requests_per_min,1.8
2026-09-30T13:41:00.000Z,payments-db,active_connections,14.0
2026-09-30T13:41:00.000Z,payments-db,query_p99_ms,11.0
2026-09-30T13:41:00.000Z,fraud-api,p99_latency_ms,116.2
2026-09-30T13:41:00.000Z,checkout-service,http_5xx_per_min,3.1
2026-09-30T13:41:00.000Z,notification-service,email_failures_per_min,1.2
2026-09-30T13:42:00.000Z,payment-service,http_5xx_per_min,23.1
2026-09-30T13:42:00.000Z,payment-service,http_p99_latency_ms,226.4
2026-09-30T13:42:00.000Z,payment-service,refund_requests_per_min,1.8
2026-09-30T13:42:00.000Z,payments-db,active_connections,12.0
2026-09-30T13:42:00.000Z,payments-db,query_p99_ms,9.8
2026-09-30T13:42:00.000Z,fraud-api,p99_latency_ms,110.3
2026-09-30T13:42:00.000Z,checkout-service,http_5xx_per_min,4.5
2026-09-30T13:42:00.000Z,notification-service,email_failures_per_min,1.3
2026-09-30T13:43:00.000Z,payment-service,http_5xx_per_min,24.7
2026-09-30T13:43:00.000Z,payment-service,http_p99_latency_ms,255.2
2026-09-30T13:43:00.000Z,payment-service,refund_requests_per_min,2.6
2026-09-30T13:43:00.000Z,payments-db,active_connections,14.0
2026-09-30T13:43:00.000Z,payments-db,query_p99_ms,7.9
2026-09-30T13:43:00.000Z,fraud-api,p99_latency_ms,126.2
2026-09-30T13:43:00.000Z,checkout-service,http_5xx_per_min,4.6
2026-09-30T13:43:00.000Z,notification-service,email_failures_per_min,1.5
2026-09-30T13:44:00.000Z,payment-service,http_5xx_per_min,26.2
2026-09-30T13:44:00.000Z,payment-service,http_p99_latency_ms,227.1
2026-09-30T13:44:00.000Z,payment-service,refund_requests_per_min,2.0
2026-09-30T13:44:00.000Z,payments-db,active_connections,14.0
2026-09-30T13:44:00.000Z,payments-db,query_p99_ms,9.8
2026-09-30T13:44:00.000Z,fraud-api,p99_latency_ms,126.5
2026-09-30T13:44:00.000Z,checkout-service,http_5xx_per_min,3.8
2026-09-30T13:44:00.000Z,notification-service,email_failures_per_min,1.3
2026-09-30T13:45:00.000Z,payment-service,http_5xx_per_min,23.0
2026-09-30T13:45:00.000Z,payment-service,http_p99_latency_ms,234.3
2026-09-30T13:45:00.000Z,payment-service,refund_requests_per_min,1.6
2026-09-30T13:45:00.000Z,payments-db,active_connections,12.0
2026-09-30T13:45:00.000Z,payments-db,query_p99_ms,7.2
2026-09-30T13:45:00.000Z,fraud-api,p99_latency_ms,119.5
2026-09-30T13:45:00.000Z,checkout-service,http_5xx_per_min,4.0
2026-09-30T13:45:00.000Z,notification-service,email_failures_per_min,1.0
2026-09-30T13:46:00.000Z,payment-service,http_5xx_per_min,27.0
2026-09-30T13:46:00.000Z,payment-service,http_p99_latency_ms,232.1
2026-09-30T13:46:00.000Z,payment-service,refund_requests_per_min,2.1
2026-09-30T13:46:00.000Z,payments-db,active_connections,13.0
2026-09-30T13:46:00.000Z,payments-db,query_p99_ms,7.1
2026-09-30T13:46:00.000Z,fraud-api,p99_latency_ms,112.1
2026-09-30T13:46:00.000Z,checkout-service,http_5xx_per_min,4.7
2026-09-30T13:46:00.000Z,notification-service,email_failures_per_min,1.0
2026-09-30T13:47:00.000Z,payment-service,http_5xx_per_min,24.8
2026-09-30T13:47:00.000Z,payment-service,http_p99_latency_ms,223.9
2026-09-30T13:47:00.000Z,payment-service,refund_requests_per_min,1.3
2026-09-30T13:47:00.000Z,payments-db,active_connections,12.0
2026-09-30T13:47:00.000Z,payments-db,query_p99_ms,8.7
2026-09-30T13:47:00.000Z,fraud-api,p99_latency_ms,120.1
2026-09-30T13:47:00.000Z,checkout-service,http_5xx_per_min,4.9
2026-09-30T13:47:00.000Z,notification-service,email_failures_per_min,0.7
2026-09-30T13:48:00.000Z,payment-service,http_5xx_per_min,23.3
2026-09-30T13:48:00.000Z,payment-service,http_p99_latency_ms,232.4
2026-09-30T13:48:00.000Z,payment-service,refund_requests_per_min,2.1
2026-09-30T13:48:00.000Z,payments-db,active_connections,11.0
2026-09-30T13:48:00.000Z,payments-db,query_p99_ms,8.3
2026-09-30T13:48:00.000Z,fraud-api,p99_latency_ms,119.9
2026-09-30T13:48:00.000Z,checkout-service,http_5xx_per_min,4.8
2026-09-30T13:48:00.000Z,notification-service,email_failures_per_min,1.0
2026-09-30T13:49:00.000Z,payment-service,http_5xx_per_min,25.4
2026-09-30T13:49:00.000Z,payment-service,http_p99_latency_ms,225.9
2026-09-30T13:49:00.000Z,payment-service,refund_requests_per_min,1.9
2026-09-30T13:49:00.000Z,payments-db,active_connections,12.0
2026-09-30T13:49:00.000Z,payments-db,query_p99_ms,10.1
2026-09-30T13:49:00.000Z,fraud-api,p99_latency_ms,125.7
2026-09-30T13:49:00.000Z,checkout-service,http_5xx_per_min,4.7
2026-09-30T13:49:00.000Z,notification-service,email_failures_per_min,0.7
2026-09-30T13:50:00.000Z,payment-service,http_5xx_per_min,22.6
2026-09-30T13:50:00.000Z,payment-service,http_p99_latency_ms,257.1
2026-09-30T13:50:00.000Z,payment-service,refund_requests_per_min,2.9
2026-09-30T13:50:00.000Z,payments-db,active_connections,11.0
2026-09-30T13:50:00.000Z,payments-db,query_p99_ms,10.8
2026-09-30T13:50:00.000Z,fraud-api,p99_latency_ms,121.8
2026-09-30T13:50:00.000Z,checkout-service,http_5xx_per_min,3.0
2026-09-30T13:50:00.000Z,notification-service,email_failures_per_min,1.2
2026-09-30T13:51:00.000Z,payment-service,http_5xx_per_min,27.7
2026-09-30T13:51:00.000Z,payment-service,http_p99_latency_ms,253.8
2026-09-30T13:51:00.000Z,payment-service,refund_requests_per_min,1.2
2026-09-30T13:51:00.000Z,payments-db,active_connections,14.0
2026-09-30T13:51:00.000Z,payments-db,query_p99_ms,7.2
2026-09-30T13:51:00.000Z,fraud-api,p99_latency_ms,110.5
2026-09-30T13:51:00.000Z,checkout-service,http_5xx_per_min,4.5
2026-09-30T13:51:00.000Z,notification-service,email_failures_per_min,0.7
2026-09-30T13:52:00.000Z,payment-service,http_5xx_per_min,25.9
2026-09-30T13:52:00.000Z,payment-service,http_p99_latency_ms,236.8
2026-09-30T13:52:00.000Z,payment-service,refund_requests_per_min,1.2
2026-09-30T13:52:00.000Z,payments-db,active_connections,13.0
2026-09-30T13:52:00.000Z,payments-db,query_p99_ms,7.9
2026-09-30T13:52:00.000Z,fraud-api,p99_latency_ms,115.3
2026-09-30T13:52:00.000Z,checkout-service,http_5xx_per_min,4.1
2026-09-30T13:52:00.000Z,notification-service,email_failures_per_min,1.5
2026-09-30T13:53:00.000Z,payment-service,http_5xx_per_min,27.6
2026-09-30T13:53:00.000Z,payment-service,http_p99_latency_ms,228.9
2026-09-30T13:53:00.000Z,payment-service,refund_requests_per_min,2.1
2026-09-30T13:53:00.000Z,payments-db,active_connections,12.0
2026-09-30T13:53:00.000Z,payments-db,query_p99_ms,8.1
2026-09-30T13:53:00.000Z,fraud-api,p99_latency_ms,113.8
2026-09-30T13:53:00.000Z,checkout-service,http_5xx_per_min,3.0
2026-09-30T13:53:00.000Z,notification-service,email_failures_per_min,1.1
2026-09-30T13:54:00.000Z,payment-service,http_5xx_per_min,23.1
2026-09-30T13:54:00.000Z,payment-service,http_p99_latency_ms,254.4
2026-09-30T13:54:00.000Z,payment-service,refund_requests_per_min,1.2
2026-09-30T13:54:00.000Z,payments-db,active_connections,12.0
2026-09-30T13:54:00.000Z,payments-db,query_p99_ms,8.8
2026-09-30T13:54:00.000Z,fraud-api,p99_latency_ms,111.7
2026-09-30T13:54:00.000Z,checkout-service,http_5xx_per_min,3.3
2026-09-30T13:54:00.000Z,notification-service,email_failures_per_min,0.9
2026-09-30T13:55:00.000Z,payment-service,http_5xx_per_min,24.2
2026-09-30T13:55:00.000Z,payment-service,http_p99_latency_ms,237.0
2026-09-30T13:55:00.000Z,payment-service,refund_requests_per_min,1.5
2026-09-30T13:55:00.000Z,payments-db,active_connections,12.0
2026-09-30T13:55:00.000Z,payments-db,query_p99_ms,7.1
2026-09-30T13:55:00.000Z,fraud-api,p99_latency_ms,127.7
2026-09-30T13:55:00.000Z,checkout-service,http_5xx_per_min,3.9
2026-09-30T13:55:00.000Z,notification-service,email_failures_per_min,1.4
2026-09-30T13:56:00.000Z,payment-service,http_5xx_per_min,25.6
2026-09-30T13:56:00.000Z,payment-service,http_p99_latency_ms,244.9
2026-09-30T13:56:00.000Z,payment-service,refund_requests_per_min,2.9
2026-09-30T13:56:00.000Z,payments-db,active_connections,12.0
2026-09-30T13:56:00.000Z,payments-db,query_p99_ms,10.8
2026-09-30T13:56:00.000Z,fraud-api,p99_latency_ms,118.5
2026-09-30T13:56:00.000Z,checkout-service,http_5xx_per_min,4.4
2026-09-30T13:56:00.000Z,notification-service,email_failures_per_min,1.1
2026-09-30T13:57:00.000Z,payment-service,http_5xx_per_min,24.8
2026-09-30T13:57:00.000Z,payment-service,http_p99_latency_ms,258.5
2026-09-30T13:57:00.000Z,payment-service,refund_requests_per_min,1.2
2026-09-30T13:57:00.000Z,payments-db,active_connections,11.0
2026-09-30T13:57:00.000Z,payments-db,query_p99_ms,10.9
2026-09-30T13:57:00.000Z,fraud-api,p99_latency_ms,124.8
2026-09-30T13:57:00.000Z,checkout-service,http_5xx_per_min,4.9
2026-09-30T13:57:00.000Z,notification-service,email_failures_per_min,1.2
2026-09-30T13:58:00.000Z,payment-service,http_5xx_per_min,24.2
2026-09-30T13:58:00.000Z,payment-service,http_p99_latency_ms,223.6
2026-09-30T13:58:00.000Z,payment-service,refund_requests_per_min,1799.5
2026-09-30T13:58:00.000Z,payments-db,active_connections,13.0
2026-09-30T13:58:00.000Z,payments-db,query_p99_ms,9.4
2026-09-30T13:58:00.000Z,fraud-api,p99_latency_ms,119.4
2026-09-30T13:58:00.000Z,checkout-service,http_5xx_per_min,3.5
2026-09-30T13:58:00.000Z,notification-service,email_failures_per_min,0.7
2026-09-30T13:59:00.000Z,payment-service,http_5xx_per_min,25.9
2026-09-30T13:59:00.000Z,payment-service,http_p99_latency_ms,250.4
2026-09-30T13:59:00.000Z,payment-service,refund_requests_per_min,1799.0
2026-09-30T13:59:00.000Z,payments-db,active_connections,50.0
2026-09-30T13:59:00.000Z,payments-db,query_p99_ms,4252.0
2026-09-30T13:59:00.000Z,fraud-api,p99_latency_ms,116.8
2026-09-30T13:59:00.000Z,checkout-service,http_5xx_per_min,3.8
2026-09-30T13:59:00.000Z,notification-service,email_failures_per_min,0.9
2026-09-30T14:00:00.000Z,payment-service,http_5xx_per_min,28.0
2026-09-30T14:00:00.000Z,payment-service,http_p99_latency_ms,236.1
2026-09-30T14:00:00.000Z,payment-service,refund_requests_per_min,1799.1
2026-09-30T14:00:00.000Z,payments-db,active_connections,50.0
2026-09-30T14:00:00.000Z,payments-db,query_p99_ms,8494.4
2026-09-30T14:00:00.000Z,fraud-api,p99_latency_ms,119.7
2026-09-30T14:00:00.000Z,checkout-service,http_5xx_per_min,4.3
2026-09-30T14:00:00.000Z,notification-service,email_failures_per_min,1.3
2026-09-30T14:01:00.000Z,payment-service,http_5xx_per_min,25.7
2026-09-30T14:01:00.000Z,payment-service,http_p99_latency_ms,15061.4
2026-09-30T14:01:00.000Z,payment-service,refund_requests_per_min,1802.2
2026-09-30T14:01:00.000Z,payments-db,active_connections,50.0
2026-09-30T14:01:00.000Z,payments-db,query_p99_ms,8494.1
2026-09-30T14:01:00.000Z,fraud-api,p99_latency_ms,110.8
2026-09-30T14:01:00.000Z,checkout-service,http_5xx_per_min,4.1
2026-09-30T14:01:00.000Z,notification-service,email_failures_per_min,1.2
2026-09-30T14:02:00.000Z,payment-service,http_5xx_per_min,58.3
2026-09-30T14:02:00.000Z,payment-service,http_p99_latency_ms,29841.7
2026-09-30T14:02:00.000Z,payment-service,refund_requests_per_min,1798.8
2026-09-30T14:02:00.000Z,payments-db,active_connections,50.0
2026-09-30T14:02:00.000Z,payments-db,query_p99_ms,8502.2
2026-09-30T14:02:00.000Z,fraud-api,p99_latency_ms,128.3
2026-09-30T14:02:00.000Z,checkout-service,http_5xx_per_min,4.9
2026-09-30T14:02:00.000Z,notification-service,email_failures_per_min,1.3
2026-09-30T14:03:00.000Z,payment-service,http_5xx_per_min,71.1
2026-09-30T14:03:00.000Z,payment-service,http_p99_latency_ms,29854.7
2026-09-30T14:03:00.000Z,payment-service,refund_requests_per_min,1798.3
2026-09-30T14:03:00.000Z,payments-db,active_connections,50.0
2026-09-30T14:03:00.000Z,payments-db,query_p99_ms,8499.2
2026-09-30T14:03:00.000Z,fraud-api,p99_latency_ms,114.1
2026-09-30T14:03:00.000Z,checkout-service,http_5xx_per_min,23.4
2026-09-30T14:03:00.000Z,notification-service,email_failures_per_min,1.4
2026-09-30T14:04:00.000Z,payment-service,http_5xx_per_min,107.0
2026-09-30T14:04:00.000Z,payment-service,http_p99_latency_ms,29793.7
2026-09-30T14:04:00.000Z,payment-service,refund_requests_per_min,1802.9
2026-09-30T14:04:00.000Z,payments-db,active_connections,45.0
2026-09-30T14:04:00.000Z,payments-db,query_p99_ms,8495.4
2026-09-30T14:04:00.000Z,fraud-api,p99_latency_ms,127.1
2026-09-30T14:04:00.000Z,checkout-service,http_5xx_per_min,38.3
2026-09-30T14:04:00.000Z,notification-service,email_failures_per_min,1.4
2026-09-30T14:05:00.000Z,payment-service,http_5xx_per_min,101.7
2026-09-30T14:05:00.000Z,payment-service,http_p99_latency_ms,29792.9
2026-09-30T14:05:00.000Z,payment-service,refund_requests_per_min,1802.2
2026-09-30T14:05:00.000Z,payments-db,active_connections,45.0
2026-09-30T14:05:00.000Z,payments-db,query_p99_ms,8502.0
2026-09-30T14:05:00.000Z,fraud-api,p99_latency_ms,125.0
2026-09-30T14:05:00.000Z,checkout-service,http_5xx_per_min,57.5
2026-09-30T14:05:00.000Z,notification-service,email_failures_per_min,1.3
2026-09-30T14:06:00.000Z,payment-service,http_5xx_per_min,98.4
2026-09-30T14:06:00.000Z,payment-service,http_p99_latency_ms,29754.3
2026-09-30T14:06:00.000Z,payment-service,refund_requests_per_min,1801.1
2026-09-30T14:06:00.000Z,payments-db,active_connections,47.0
2026-09-30T14:06:00.000Z,payments-db,query_p99_ms,8499.0
2026-09-30T14:06:00.000Z,fraud-api,p99_latency_ms,118.9
2026-09-30T14:06:00.000Z,checkout-service,http_5xx_per_min,57.7
2026-09-30T14:06:00.000Z,notification-service,email_failures_per_min,1.2
2026-09-30T14:07:00.000Z,payment-service,http_5xx_per_min,100.1
2026-09-30T14:07:00.000Z,payment-service,http_p99_latency_ms,29833.7
2026-09-30T14:07:00.000Z,payment-service,refund_requests_per_min,1798.7
2026-09-30T14:07:00.000Z,payments-db,active_connections,47.0
2026-09-30T14:07:00.000Z,payments-db,query_p99_ms,8499.9
2026-09-30T14:07:00.000Z,fraud-api,p99_latency_ms,123.6
2026-09-30T14:07:00.000Z,checkout-service,http_5xx_per_min,61.0
2026-09-30T14:07:00.000Z,notification-service,email_failures_per_min,0.7
2026-09-30T14:08:00.000Z,payment-service,http_5xx_per_min,96.2
2026-09-30T14:08:00.000Z,payment-service,http_p99_latency_ms,29755.9
2026-09-30T14:08:00.000Z,payment-service,refund_requests_per_min,1800.0
2026-09-30T14:08:00.000Z,payments-db,active_connections,45.0
2026-09-30T14:08:00.000Z,payments-db,query_p99_ms,8497.0
2026-09-30T14:08:00.000Z,fraud-api,p99_latency_ms,125.9
2026-09-30T14:08:00.000Z,checkout-service,http_5xx_per_min,61.3
2026-09-30T14:08:00.000Z,notification-service,email_failures_per_min,1.3
2026-09-30T14:09:00.000Z,payment-service,http_5xx_per_min,98.4
2026-09-30T14:09:00.000Z,payment-service,http_p99_latency_ms,29830.3
2026-09-30T14:09:00.000Z,payment-service,refund_requests_per_min,1801.5
2026-09-30T14:09:00.000Z,payments-db,active_connections,50.0
2026-09-30T14:09:00.000Z,payments-db,query_p99_ms,8505.5
2026-09-30T14:09:00.000Z,fraud-api,p99_latency_ms,122.0
2026-09-30T14:09:00.000Z,checkout-service,http_5xx_per_min,60.6
2026-09-30T14:09:00.000Z,notification-service,email_failures_per_min,1.1
2026-09-30T14:10:00.000Z,payment-service,http_5xx_per_min,113.1
2026-09-30T14:10:00.000Z,payment-service,http_p99_latency_ms,29854.0
2026-09-30T14:10:00.000Z,payment-service,refund_requests_per_min,1798.5
2026-09-30T14:10:00.000Z,payments-db,active_connections,45.0
2026-09-30T14:10:00.000Z,payments-db,query_p99_ms,8500.9
2026-09-30T14:10:00.000Z,fraud-api,p99_latency_ms,117.7
2026-09-30T14:10:00.000Z,checkout-service,http_5xx_per_min,58.1
2026-09-30T14:10:00.000Z,notification-service,email_failures_per_min,1.3
2026-09-30T14:11:00.000Z,payment-service,http_5xx_per_min,113.7
2026-09-30T14:11:00.000Z,payment-service,http_p99_latency_ms,29746.6
2026-09-30T14:11:00.000Z,payment-service,refund_requests_per_min,1799.1
2026-09-30T14:11:00.000Z,payments-db,active_connections,47.0
2026-09-30T14:11:00.000Z,payments-db,query_p99_ms,8499.9
2026-09-30T14:11:00.000Z,fraud-api,p99_latency_ms,126.4
2026-09-30T14:11:00.000Z,checkout-service,http_5xx_per_min,60.7
2026-09-30T14:11:00.000Z,notification-service,email_failures_per_min,1.2
2026-09-30T14:12:00.000Z,payment-service,http_5xx_per_min,112.4
2026-09-30T14:12:00.000Z,payment-service,http_p99_latency_ms,29842.9
2026-09-30T14:12:00.000Z,payment-service,refund_requests_per_min,1802.2
2026-09-30T14:12:00.000Z,payments-db,active_connections,46.0
2026-09-30T14:12:00.000Z,payments-db,query_p99_ms,8498.2
2026-09-30T14:12:00.000Z,fraud-api,p99_latency_ms,117.5
2026-09-30T14:12:00.000Z,checkout-service,http_5xx_per_min,57.6
2026-09-30T14:12:00.000Z,notification-service,email_failures_per_min,1.5
2026-09-30T14:13:00.000Z,payment-service,http_5xx_per_min,104.0
2026-09-30T14:13:00.000Z,payment-service,http_p99_latency_ms,29798.9
2026-09-30T14:13:00.000Z,payment-service,refund_requests_per_min,1798.7
2026-09-30T14:13:00.000Z,payments-db,active_connections,50.0
2026-09-30T14:13:00.000Z,payments-db,query_p99_ms,8494.5
2026-09-30T14:13:00.000Z,fraud-api,p99_latency_ms,123.3
2026-09-30T14:13:00.000Z,checkout-service,http_5xx_per_min,57.9
2026-09-30T14:13:00.000Z,notification-service,email_failures_per_min,0.9
2026-09-30T14:14:00.000Z,payment-service,http_5xx_per_min,106.8
2026-09-30T14:14:00.000Z,payment-service,http_p99_latency_ms,29753.2
2026-09-30T14:14:00.000Z,payment-service,refund_requests_per_min,1800.4
2026-09-30T14:14:00.000Z,payments-db,active_connections,49.0
2026-09-30T14:14:00.000Z,payments-db,query_p99_ms,8499.2
2026-09-30T14:14:00.000Z,fraud-api,p99_latency_ms,127.4
2026-09-30T14:14:00.000Z,checkout-service,http_5xx_per_min,60.4
2026-09-30T14:14:00.000Z,notification-service,email_failures_per_min,1.4
2026-09-30T14:15:00.000Z,payment-service,http_5xx_per_min,101.8
2026-09-30T14:15:00.000Z,payment-service,http_p99_latency_ms,29742.7
2026-09-30T14:15:00.000Z,payment-service,refund_requests_per_min,1801.6
2026-09-30T14:15:00.000Z,payments-db,active_connections,46.0
2026-09-30T14:15:00.000Z,payments-db,query_p99_ms,8501.9
2026-09-30T14:15:00.000Z,fraud-api,p99_latency_ms,122.8
2026-09-30T14:15:00.000Z,checkout-service,http_5xx_per_min,58.7
2026-09-30T14:15:00.000Z,notification-service,email_failures_per_min,1.0
2026-09-30T14:16:00.000Z,payment-service,http_5xx_per_min,98.3
2026-09-30T14:16:00.000Z,payment-service,http_p99_latency_ms,29814.9
2026-09-30T14:16:00.000Z,payment-service,refund_requests_per_min,1797.2
2026-09-30T14:16:00.000Z,payments-db,active_connections,48.0
2026-09-30T14:16:00.000Z,payments-db,query_p99_ms,8504.7
2026-09-30T14:16:00.000Z,fraud-api,p99_latency_ms,113.4
2026-09-30T14:16:00.000Z,checkout-service,http_5xx_per_min,62.7
2026-09-30T14:16:00.000Z,notification-service,email_failures_per_min,0.8
2026-09-30T14:17:00.000Z,payment-service,http_5xx_per_min,105.4
2026-09-30T14:17:00.000Z,payment-service,http_p99_latency_ms,29799.9
2026-09-30T14:17:00.000Z,payment-service,refund_requests_per_min,1798.4
2026-09-30T14:17:00.000Z,payments-db,active_connections,50.0
2026-09-30T14:17:00.000Z,payments-db,query_p99_ms,8505.2
2026-09-30T14:17:00.000Z,fraud-api,p99_latency_ms,125.4
2026-09-30T14:17:00.000Z,checkout-service,http_5xx_per_min,60.9
2026-09-30T14:17:00.000Z,notification-service,email_failures_per_min,1.0
2026-09-30T14:18:00.000Z,payment-service,http_5xx_per_min,107.4
2026-09-30T14:18:00.000Z,payment-service,http_p99_latency_ms,29828.7
2026-09-30T14:18:00.000Z,payment-service,refund_requests_per_min,1800.3
2026-09-30T14:18:00.000Z,payments-db,active_connections,50.0
2026-09-30T14:18:00.000Z,payments-db,query_p99_ms,8502.3
2026-09-30T14:18:00.000Z,fraud-api,p99_latency_ms,118.2
2026-09-30T14:18:00.000Z,checkout-service,http_5xx_per_min,61.0
2026-09-30T14:18:00.000Z,notification-service,email_failures_per_min,1.0
2026-09-30T14:19:00.000Z,payment-service,http_5xx_per_min,98.9
2026-09-30T14:19:00.000Z,payment-service,http_p99_latency_ms,29859.9
2026-09-30T14:19:00.000Z,payment-service,refund_requests_per_min,1801.0
2026-09-30T14:19:00.000Z,payments-db,active_connections,50.0
2026-09-30T14:19:00.000Z,payments-db,query_p99_ms,8498.8
2026-09-30T14:19:00.000Z,fraud-api,p99_latency_ms,129.5
2026-09-30T14:19:00.000Z,checkout-service,http_5xx_per_min,63.0
2026-09-30T14:19:00.000Z,notification-service,email_failures_per_min,1.3
2026-09-30T14:20:00.000Z,payment-service,http_5xx_per_min,100.3
2026-09-30T14:20:00.000Z,payment-service,http_p99_latency_ms,29846.2
2026-09-30T14:20:00.000Z,payment-service,refund_requests_per_min,1799.7
2026-09-30T14:20:00.000Z,payments-db,active_connections,50.0
2026-09-30T14:20:00.000Z,payments-db,query_p99_ms,8497.3
2026-09-30T14:20:00.000Z,fraud-api,p99_latency_ms,125.0
2026-09-30T14:20:00.000Z,checkout-service,http_5xx_per_min,62.6
2026-09-30T14:20:00.000Z,notification-service,email_failures_per_min,14.0
2026-09-30T14:21:00.000Z,payment-service,http_5xx_per_min,103.8
2026-09-30T14:21:00.000Z,payment-service,http_p99_latency_ms,29856.0
2026-09-30T14:21:00.000Z,payment-service,refund_requests_per_min,1800.7
2026-09-30T14:21:00.000Z,payments-db,active_connections,50.0
2026-09-30T14:21:00.000Z,payments-db,query_p99_ms,8501.5
2026-09-30T14:21:00.000Z,fraud-api,p99_latency_ms,124.5
2026-09-30T14:21:00.000Z,checkout-service,http_5xx_per_min,58.8
2026-09-30T14:21:00.000Z,notification-service,email_failures_per_min,15.0
2026-09-30T14:22:00.000Z,payment-service,http_5xx_per_min,113.5
2026-09-30T14:22:00.000Z,payment-service,http_p99_latency_ms,29826.2
2026-09-30T14:22:00.000Z,payment-service,refund_requests_per_min,1800.3
2026-09-30T14:22:00.000Z,payments-db,active_connections,50.0
2026-09-30T14:22:00.000Z,payments-db,query_p99_ms,8505.1
2026-09-30T14:22:00.000Z,fraud-api,p99_latency_ms,118.6
2026-09-30T14:22:00.000Z,checkout-service,http_5xx_per_min,61.6
2026-09-30T14:22:00.000Z,notification-service,email_failures_per_min,15.7
2026-09-30T14:23:00.000Z,payment-service,http_5xx_per_min,106.2
2026-09-30T14:23:00.000Z,payment-service,http_p99_latency_ms,29847.5
2026-09-30T14:23:00.000Z,payment-service,refund_requests_per_min,1802.0
2026-09-30T14:23:00.000Z,payments-db,active_connections,50.0
2026-09-30T14:23:00.000Z,payments-db,query_p99_ms,8504.4
2026-09-30T14:23:00.000Z,fraud-api,p99_latency_ms,126.3
2026-09-30T14:23:00.000Z,checkout-service,http_5xx_per_min,60.1
2026-09-30T14:23:00.000Z,notification-service,email_failures_per_min,15.0
2026-09-30T14:24:00.000Z,payment-service,http_5xx_per_min,104.3
2026-09-30T14:24:00.000Z,payment-service,http_p99_latency_ms,29763.9
2026-09-30T14:24:00.000Z,payment-service,refund_requests_per_min,1801.1
2026-09-30T14:24:00.000Z,payments-db,active_connections,48.0
2026-09-30T14:24:00.000Z,payments-db,query_p99_ms,8497.7
2026-09-30T14:24:00.000Z,fraud-api,p99_latency_ms,122.7
2026-09-30T14:24:00.000Z,checkout-service,http_5xx_per_min,59.4
2026-09-30T14:24:00.000Z,notification-service,email_failures_per_min,16.4
2026-09-30T14:25:00.000Z,payment-service,http_5xx_per_min,102.4
2026-09-30T14:25:00.000Z,payment-service,http_p99_latency_ms,29769.0
2026-09-30T14:25:00.000Z,payment-service,refund_requests_per_min,1797.9
2026-09-30T14:25:00.000Z,payments-db,active_connections,50.0
2026-09-30T14:25:00.000Z,payments-db,query_p99_ms,8504.1
2026-09-30T14:25:00.000Z,fraud-api,p99_latency_ms,127.5
2026-09-30T14:25:00.000Z,checkout-service,http_5xx_per_min,61.7
2026-09-30T14:25:00.000Z,notification-service,email_failures_per_min,14.6
2026-09-30T14:26:00.000Z,payment-service,http_5xx_per_min,99.9
2026-09-30T14:26:00.000Z,payment-service,http_p99_latency_ms,29805.0
2026-09-30T14:26:00.000Z,payment-service,refund_requests_per_min,1800.6
2026-09-30T14:26:00.000Z,payments-db,active_connections,48.0
2026-09-30T14:26:00.000Z,payments-db,query_p99_ms,8504.6
2026-09-30T14:26:00.000Z,fraud-api,p99_latency_ms,128.8
2026-09-30T14:26:00.000Z,checkout-service,http_5xx_per_min,62.5
2026-09-30T14:26:00.000Z,notification-service,email_failures_per_min,14.2
2026-09-30T14:27:00.000Z,payment-service,http_5xx_per_min,96.3
2026-09-30T14:27:00.000Z,payment-service,http_p99_latency_ms,29836.8
2026-09-30T14:27:00.000Z,payment-service,refund_requests_per_min,1801.9
2026-09-30T14:27:00.000Z,payments-db,active_connections,50.0
2026-09-30T14:27:00.000Z,payments-db,query_p99_ms,8495.1
2026-09-30T14:27:00.000Z,fraud-api,p99_latency_ms,115.7
2026-09-30T14:27:00.000Z,checkout-service,http_5xx_per_min,58.6
2026-09-30T14:27:00.000Z,notification-service,email_failures_per_min,13.7
2026-09-30T14:28:00.000Z,payment-service,http_5xx_per_min,102.7
2026-09-30T14:28:00.000Z,payment-service,http_p99_latency_ms,29787.6
2026-09-30T14:28:00.000Z,payment-service,refund_requests_per_min,1797.4
2026-09-30T14:28:00.000Z,payments-db,active_connections,50.0
2026-09-30T14:28:00.000Z,payments-db,query_p99_ms,8496.2
2026-09-30T14:28:00.000Z,fraud-api,p99_latency_ms,121.6
2026-09-30T14:28:00.000Z,checkout-service,http_5xx_per_min,62.0
2026-09-30T14:28:00.000Z,notification-service,email_failures_per_min,14.8
2026-09-30T14:29:00.000Z,payment-service,http_5xx_per_min,106.4
2026-09-30T14:29:00.000Z,payment-service,http_p99_latency_ms,29751.7
2026-09-30T14:29:00.000Z,payment-service,refund_requests_per_min,1800.9
2026-09-30T14:29:00.000Z,payments-db,active_connections,50.0
2026-09-30T14:29:00.000Z,payments-db,query_p99_ms,8502.1
2026-09-30T14:29:00.000Z,fraud-api,p99_latency_ms,129.1
2026-09-30T14:29:00.000Z,checkout-service,http_5xx_per_min,57.1
2026-09-30T14:29:00.000Z,notification-service,email_failures_per_min,15.3
2026-09-30T14:30:00.000Z,payment-service,http_5xx_per_min,114.0
2026-09-30T14:30:00.000Z,payment-service,http_p99_latency_ms,29803.2
2026-09-30T14:30:00.000Z,payment-service,refund_requests_per_min,1802.3
2026-09-30T14:30:00.000Z,payments-db,active_connections,49.0
2026-09-30T14:30:00.000Z,payments-db,query_p99_ms,8503.3
2026-09-30T14:30:00.000Z,fraud-api,p99_latency_ms,111.8
2026-09-30T14:30:00.000Z,checkout-service,http_5xx_per_min,57.8
2026-09-30T14:30:00.000Z,notification-service,email_failures_per_min,15.0
2026-10-07T09:18:00.000Z,payment-service,http_5xx_per_min,24.7
2026-10-07T09:18:00.000Z,payment-service,http_p99_latency_ms,238.2
2026-10-07T09:18:00.000Z,payment-service,refund_requests_per_min,2.9
2026-10-07T09:18:00.000Z,payments-db,active_connections,13.0
2026-10-07T09:18:00.000Z,payments-db,query_p99_ms,10.2
2026-10-07T09:18:00.000Z,fraud-api,p99_latency_ms,111.8
2026-10-07T09:18:00.000Z,checkout-service,http_5xx_per_min,3.8
2026-10-07T09:18:00.000Z,notification-service,email_failures_per_min,1.1
2026-10-07T09:19:00.000Z,payment-service,http_5xx_per_min,24.8
2026-10-07T09:19:00.000Z,payment-service,http_p99_latency_ms,225.4
2026-10-07T09:19:00.000Z,payment-service,refund_requests_per_min,1.8
2026-10-07T09:19:00.000Z,payments-db,active_connections,12.0
2026-10-07T09:19:00.000Z,payments-db,query_p99_ms,10.7
2026-10-07T09:19:00.000Z,fraud-api,p99_latency_ms,127.8
2026-10-07T09:19:00.000Z,checkout-service,http_5xx_per_min,3.5
2026-10-07T09:19:00.000Z,notification-service,email_failures_per_min,1.2
2026-10-07T09:20:00.000Z,payment-service,http_5xx_per_min,23.6
2026-10-07T09:20:00.000Z,payment-service,http_p99_latency_ms,236.0
2026-10-07T09:20:00.000Z,payment-service,refund_requests_per_min,1.2
2026-10-07T09:20:00.000Z,payments-db,active_connections,11.0
2026-10-07T09:20:00.000Z,payments-db,query_p99_ms,9.5
2026-10-07T09:20:00.000Z,fraud-api,p99_latency_ms,124.3
2026-10-07T09:20:00.000Z,checkout-service,http_5xx_per_min,4.2
2026-10-07T09:20:00.000Z,notification-service,email_failures_per_min,1.3
2026-10-07T09:21:00.000Z,payment-service,http_5xx_per_min,24.6
2026-10-07T09:21:00.000Z,payment-service,http_p99_latency_ms,249.3
2026-10-07T09:21:00.000Z,payment-service,refund_requests_per_min,1.4
2026-10-07T09:21:00.000Z,payments-db,active_connections,11.0
2026-10-07T09:21:00.000Z,payments-db,query_p99_ms,8.6
2026-10-07T09:21:00.000Z,fraud-api,p99_latency_ms,126.3
2026-10-07T09:21:00.000Z,checkout-service,http_5xx_per_min,3.5
2026-10-07T09:21:00.000Z,notification-service,email_failures_per_min,1.2
2026-10-07T09:22:00.000Z,payment-service,http_5xx_per_min,24.4
2026-10-07T09:22:00.000Z,payment-service,http_p99_latency_ms,222.2
2026-10-07T09:22:00.000Z,payment-service,refund_requests_per_min,1.5
2026-10-07T09:22:00.000Z,payments-db,active_connections,12.0
2026-10-07T09:22:00.000Z,payments-db,query_p99_ms,7.9
2026-10-07T09:22:00.000Z,fraud-api,p99_latency_ms,114.2
2026-10-07T09:22:00.000Z,checkout-service,http_5xx_per_min,4.8
2026-10-07T09:22:00.000Z,notification-service,email_failures_per_min,1.0
2026-10-07T09:23:00.000Z,payment-service,http_5xx_per_min,23.9
2026-10-07T09:23:00.000Z,payment-service,http_p99_latency_ms,236.0
2026-10-07T09:23:00.000Z,payment-service,refund_requests_per_min,1.4
2026-10-07T09:23:00.000Z,payments-db,active_connections,13.0
2026-10-07T09:23:00.000Z,payments-db,query_p99_ms,8.5
2026-10-07T09:23:00.000Z,fraud-api,p99_latency_ms,118.7
2026-10-07T09:23:00.000Z,checkout-service,http_5xx_per_min,3.3
2026-10-07T09:23:00.000Z,notification-service,email_failures_per_min,0.9
2026-10-07T09:24:00.000Z,payment-service,http_5xx_per_min,22.5
2026-10-07T09:24:00.000Z,payment-service,http_p99_latency_ms,226.1
2026-10-07T09:24:00.000Z,payment-service,refund_requests_per_min,2.2
2026-10-07T09:24:00.000Z,payments-db,active_connections,12.0
2026-10-07T09:24:00.000Z,payments-db,query_p99_ms,9.2
2026-10-07T09:24:00.000Z,fraud-api,p99_latency_ms,120.3
2026-10-07T09:24:00.000Z,checkout-service,http_5xx_per_min,4.3
2026-10-07T09:24:00.000Z,notification-service,email_failures_per_min,0.6
2026-10-07T09:25:00.000Z,payment-service,http_5xx_per_min,27.7
2026-10-07T09:25:00.000Z,payment-service,http_p99_latency_ms,255.1
2026-10-07T09:25:00.000Z,payment-service,refund_requests_per_min,1.1
2026-10-07T09:25:00.000Z,payments-db,active_connections,12.0
2026-10-07T09:25:00.000Z,payments-db,query_p99_ms,10.2
2026-10-07T09:25:00.000Z,fraud-api,p99_latency_ms,126.2
2026-10-07T09:25:00.000Z,checkout-service,http_5xx_per_min,3.1
2026-10-07T09:25:00.000Z,notification-service,email_failures_per_min,1.1
2026-10-07T09:26:00.000Z,payment-service,http_5xx_per_min,23.5
2026-10-07T09:26:00.000Z,payment-service,http_p99_latency_ms,225.9
2026-10-07T09:26:00.000Z,payment-service,refund_requests_per_min,1.4
2026-10-07T09:26:00.000Z,payments-db,active_connections,12.0
2026-10-07T09:26:00.000Z,payments-db,query_p99_ms,9.6
2026-10-07T09:26:00.000Z,fraud-api,p99_latency_ms,120.7
2026-10-07T09:26:00.000Z,checkout-service,http_5xx_per_min,3.1
2026-10-07T09:26:00.000Z,notification-service,email_failures_per_min,0.9
2026-10-07T09:27:00.000Z,payment-service,http_5xx_per_min,27.5
2026-10-07T09:27:00.000Z,payment-service,http_p99_latency_ms,220.5
2026-10-07T09:27:00.000Z,payment-service,refund_requests_per_min,1.7
2026-10-07T09:27:00.000Z,payments-db,active_connections,11.0
2026-10-07T09:27:00.000Z,payments-db,query_p99_ms,8.9
2026-10-07T09:27:00.000Z,fraud-api,p99_latency_ms,113.6
2026-10-07T09:27:00.000Z,checkout-service,http_5xx_per_min,3.2
2026-10-07T09:27:00.000Z,notification-service,email_failures_per_min,1.0
2026-10-07T09:28:00.000Z,payment-service,http_5xx_per_min,23.8
2026-10-07T09:28:00.000Z,payment-service,http_p99_latency_ms,225.2
2026-10-07T09:28:00.000Z,payment-service,refund_requests_per_min,1.5
2026-10-07T09:28:00.000Z,payments-db,active_connections,10.0
2026-10-07T09:28:00.000Z,payments-db,query_p99_ms,7.6
2026-10-07T09:28:00.000Z,fraud-api,p99_latency_ms,115.1
2026-10-07T09:28:00.000Z,checkout-service,http_5xx_per_min,4.8
2026-10-07T09:28:00.000Z,notification-service,email_failures_per_min,1.3
2026-10-07T09:29:00.000Z,payment-service,http_5xx_per_min,25.0
2026-10-07T09:29:00.000Z,payment-service,http_p99_latency_ms,223.7
2026-10-07T09:29:00.000Z,payment-service,refund_requests_per_min,1.6
2026-10-07T09:29:00.000Z,payments-db,active_connections,10.0
2026-10-07T09:29:00.000Z,payments-db,query_p99_ms,8.2
2026-10-07T09:29:00.000Z,fraud-api,p99_latency_ms,113.3
2026-10-07T09:29:00.000Z,checkout-service,http_5xx_per_min,4.6
2026-10-07T09:29:00.000Z,notification-service,email_failures_per_min,1.1
2026-10-07T09:30:00.000Z,payment-service,http_5xx_per_min,22.9
2026-10-07T09:30:00.000Z,payment-service,http_p99_latency_ms,252.4
2026-10-07T09:30:00.000Z,payment-service,refund_requests_per_min,1.7
2026-10-07T09:30:00.000Z,payments-db,active_connections,11.0
2026-10-07T09:30:00.000Z,payments-db,query_p99_ms,9.0
2026-10-07T09:30:00.000Z,fraud-api,p99_latency_ms,117.0
2026-10-07T09:30:00.000Z,checkout-service,http_5xx_per_min,4.6
2026-10-07T09:30:00.000Z,notification-service,email_failures_per_min,1.0
2026-10-07T09:31:00.000Z,payment-service,http_5xx_per_min,23.4
2026-10-07T09:31:00.000Z,payment-service,http_p99_latency_ms,227.9
2026-10-07T09:31:00.000Z,payment-service,refund_requests_per_min,2.5
2026-10-07T09:31:00.000Z,payments-db,active_connections,11.0
2026-10-07T09:31:00.000Z,payments-db,query_p99_ms,7.8
2026-10-07T09:31:00.000Z,fraud-api,p99_latency_ms,123.0
2026-10-07T09:31:00.000Z,checkout-service,http_5xx_per_min,4.3
2026-10-07T09:31:00.000Z,notification-service,email_failures_per_min,0.9
2026-10-07T09:32:00.000Z,payment-service,http_5xx_per_min,24.2
2026-10-07T09:32:00.000Z,payment-service,http_p99_latency_ms,247.4
2026-10-07T09:32:00.000Z,payment-service,refund_requests_per_min,2.9
2026-10-07T09:32:00.000Z,payments-db,active_connections,13.0
2026-10-07T09:32:00.000Z,payments-db,query_p99_ms,9.3
2026-10-07T09:32:00.000Z,fraud-api,p99_latency_ms,118.9
2026-10-07T09:32:00.000Z,checkout-service,http_5xx_per_min,3.7
2026-10-07T09:32:00.000Z,notification-service,email_failures_per_min,1.1
2026-10-07T09:33:00.000Z,payment-service,http_5xx_per_min,22.0
2026-10-07T09:33:00.000Z,payment-service,http_p99_latency_ms,252.5
2026-10-07T09:33:00.000Z,payment-service,refund_requests_per_min,2.0
2026-10-07T09:33:00.000Z,payments-db,active_connections,10.0
2026-10-07T09:33:00.000Z,payments-db,query_p99_ms,10.0
2026-10-07T09:33:00.000Z,fraud-api,p99_latency_ms,121.3
2026-10-07T09:33:00.000Z,checkout-service,http_5xx_per_min,3.4
2026-10-07T09:33:00.000Z,notification-service,email_failures_per_min,1.0
2026-10-07T09:34:00.000Z,payment-service,http_5xx_per_min,25.4
2026-10-07T09:34:00.000Z,payment-service,http_p99_latency_ms,240.5
2026-10-07T09:34:00.000Z,payment-service,refund_requests_per_min,2.7
2026-10-07T09:34:00.000Z,payments-db,active_connections,12.0
2026-10-07T09:34:00.000Z,payments-db,query_p99_ms,7.5
2026-10-07T09:34:00.000Z,fraud-api,p99_latency_ms,113.2
2026-10-07T09:34:00.000Z,checkout-service,http_5xx_per_min,4.5
2026-10-07T09:34:00.000Z,notification-service,email_failures_per_min,1.4
2026-10-07T09:35:00.000Z,payment-service,http_5xx_per_min,24.4
2026-10-07T09:35:00.000Z,payment-service,http_p99_latency_ms,239.8
2026-10-07T09:35:00.000Z,payment-service,refund_requests_per_min,2.7
2026-10-07T09:35:00.000Z,payments-db,active_connections,13.0
2026-10-07T09:35:00.000Z,payments-db,query_p99_ms,8.5
2026-10-07T09:35:00.000Z,fraud-api,p99_latency_ms,120.7
2026-10-07T09:35:00.000Z,checkout-service,http_5xx_per_min,4.3
2026-10-07T09:35:00.000Z,notification-service,email_failures_per_min,1.2
2026-10-07T09:36:00.000Z,payment-service,http_5xx_per_min,25.4
2026-10-07T09:36:00.000Z,payment-service,http_p99_latency_ms,221.3
2026-10-07T09:36:00.000Z,payment-service,refund_requests_per_min,2.9
2026-10-07T09:36:00.000Z,payments-db,active_connections,14.0
2026-10-07T09:36:00.000Z,payments-db,query_p99_ms,7.2
2026-10-07T09:36:00.000Z,fraud-api,p99_latency_ms,126.5
2026-10-07T09:36:00.000Z,checkout-service,http_5xx_per_min,4.1
2026-10-07T09:36:00.000Z,notification-service,email_failures_per_min,1.5
2026-10-07T09:37:00.000Z,payment-service,http_5xx_per_min,26.9
2026-10-07T09:37:00.000Z,payment-service,http_p99_latency_ms,246.5
2026-10-07T09:37:00.000Z,payment-service,refund_requests_per_min,1.3
2026-10-07T09:37:00.000Z,payments-db,active_connections,12.0
2026-10-07T09:37:00.000Z,payments-db,query_p99_ms,7.9
2026-10-07T09:37:00.000Z,fraud-api,p99_latency_ms,126.8
2026-10-07T09:37:00.000Z,checkout-service,http_5xx_per_min,4.2
2026-10-07T09:37:00.000Z,notification-service,email_failures_per_min,1.3
2026-10-07T09:38:00.000Z,payment-service,http_5xx_per_min,27.5
2026-10-07T09:38:00.000Z,payment-service,http_p99_latency_ms,223.7
2026-10-07T09:38:00.000Z,payment-service,refund_requests_per_min,2.3
2026-10-07T09:38:00.000Z,payments-db,active_connections,13.0
2026-10-07T09:38:00.000Z,payments-db,query_p99_ms,7.6
2026-10-07T09:38:00.000Z,fraud-api,p99_latency_ms,124.7
2026-10-07T09:38:00.000Z,checkout-service,http_5xx_per_min,4.6
2026-10-07T09:38:00.000Z,notification-service,email_failures_per_min,0.9
2026-10-07T09:39:00.000Z,payment-service,http_5xx_per_min,23.6
2026-10-07T09:39:00.000Z,payment-service,http_p99_latency_ms,251.8
2026-10-07T09:39:00.000Z,payment-service,refund_requests_per_min,2.8
2026-10-07T09:39:00.000Z,payments-db,active_connections,10.0
2026-10-07T09:39:00.000Z,payments-db,query_p99_ms,10.1
2026-10-07T09:39:00.000Z,fraud-api,p99_latency_ms,124.0
2026-10-07T09:39:00.000Z,checkout-service,http_5xx_per_min,3.2
2026-10-07T09:39:00.000Z,notification-service,email_failures_per_min,1.2
2026-10-07T09:40:00.000Z,payment-service,http_5xx_per_min,25.3
2026-10-07T09:40:00.000Z,payment-service,http_p99_latency_ms,227.6
2026-10-07T09:40:00.000Z,payment-service,refund_requests_per_min,1.7
2026-10-07T09:40:00.000Z,payments-db,active_connections,10.0
2026-10-07T09:40:00.000Z,payments-db,query_p99_ms,10.0
2026-10-07T09:40:00.000Z,fraud-api,p99_latency_ms,122.5
2026-10-07T09:40:00.000Z,checkout-service,http_5xx_per_min,3.0
2026-10-07T09:40:00.000Z,notification-service,email_failures_per_min,0.7
2026-10-07T09:41:00.000Z,payment-service,http_5xx_per_min,27.3
2026-10-07T09:41:00.000Z,payment-service,http_p99_latency_ms,228.6
2026-10-07T09:41:00.000Z,payment-service,refund_requests_per_min,1.7
2026-10-07T09:41:00.000Z,payments-db,active_connections,11.0
2026-10-07T09:41:00.000Z,payments-db,query_p99_ms,7.2
2026-10-07T09:41:00.000Z,fraud-api,p99_latency_ms,110.9
2026-10-07T09:41:00.000Z,checkout-service,http_5xx_per_min,3.8
2026-10-07T09:41:00.000Z,notification-service,email_failures_per_min,0.9
2026-10-07T09:42:00.000Z,payment-service,http_5xx_per_min,25.6
2026-10-07T09:42:00.000Z,payment-service,http_p99_latency_ms,227.7
2026-10-07T09:42:00.000Z,payment-service,refund_requests_per_min,1.9
2026-10-07T09:42:00.000Z,payments-db,active_connections,12.0
2026-10-07T09:42:00.000Z,payments-db,query_p99_ms,7.4
2026-10-07T09:42:00.000Z,fraud-api,p99_latency_ms,112.5
2026-10-07T09:42:00.000Z,checkout-service,http_5xx_per_min,3.2
2026-10-07T09:42:00.000Z,notification-service,email_failures_per_min,0.8
2026-10-07T09:43:00.000Z,payment-service,http_5xx_per_min,22.8
2026-10-07T09:43:00.000Z,payment-service,http_p99_latency_ms,242.8
2026-10-07T09:43:00.000Z,payment-service,refund_requests_per_min,2.3
2026-10-07T09:43:00.000Z,payments-db,active_connections,13.0
2026-10-07T09:43:00.000Z,payments-db,query_p99_ms,8.0
2026-10-07T09:43:00.000Z,fraud-api,p99_latency_ms,115.0
2026-10-07T09:43:00.000Z,checkout-service,http_5xx_per_min,4.8
2026-10-07T09:43:00.000Z,notification-service,email_failures_per_min,1.0
2026-10-07T09:44:00.000Z,payment-service,http_5xx_per_min,25.3
2026-10-07T09:44:00.000Z,payment-service,http_p99_latency_ms,249.6
2026-10-07T09:44:00.000Z,payment-service,refund_requests_per_min,2.1
2026-10-07T09:44:00.000Z,payments-db,active_connections,10.0
2026-10-07T09:44:00.000Z,payments-db,query_p99_ms,9.5
2026-10-07T09:44:00.000Z,fraud-api,p99_latency_ms,119.6
2026-10-07T09:44:00.000Z,checkout-service,http_5xx_per_min,3.0
2026-10-07T09:44:00.000Z,notification-service,email_failures_per_min,0.5
2026-10-07T09:45:00.000Z,payment-service,http_5xx_per_min,25.6
2026-10-07T09:45:00.000Z,payment-service,http_p99_latency_ms,234.4
2026-10-07T09:45:00.000Z,payment-service,refund_requests_per_min,2.1
2026-10-07T09:45:00.000Z,payments-db,active_connections,14.0
2026-10-07T09:45:00.000Z,payments-db,query_p99_ms,8.1
2026-10-07T09:45:00.000Z,fraud-api,p99_latency_ms,130.0
2026-10-07T09:45:00.000Z,checkout-service,http_5xx_per_min,3.8
2026-10-07T09:45:00.000Z,notification-service,email_failures_per_min,0.8
2026-10-07T09:46:00.000Z,payment-service,http_5xx_per_min,22.3
2026-10-07T09:46:00.000Z,payment-service,http_p99_latency_ms,236.8
2026-10-07T09:46:00.000Z,payment-service,refund_requests_per_min,1.2
2026-10-07T09:46:00.000Z,payments-db,active_connections,12.0
2026-10-07T09:46:00.000Z,payments-db,query_p99_ms,7.8
2026-10-07T09:46:00.000Z,fraud-api,p99_latency_ms,125.6
2026-10-07T09:46:00.000Z,checkout-service,http_5xx_per_min,3.1
2026-10-07T09:46:00.000Z,notification-service,email_failures_per_min,0.6
2026-10-07T09:47:00.000Z,payment-service,http_5xx_per_min,27.0
2026-10-07T09:47:00.000Z,payment-service,http_p99_latency_ms,234.3
2026-10-07T09:47:00.000Z,payment-service,refund_requests_per_min,1.6
2026-10-07T09:47:00.000Z,payments-db,active_connections,12.0
2026-10-07T09:47:00.000Z,payments-db,query_p99_ms,9.9
2026-10-07T09:47:00.000Z,fraud-api,p99_latency_ms,121.9
2026-10-07T09:47:00.000Z,checkout-service,http_5xx_per_min,4.3
2026-10-07T09:47:00.000Z,notification-service,email_failures_per_min,1.4
2026-10-07T09:48:00.000Z,payment-service,http_5xx_per_min,25.4
2026-10-07T09:48:00.000Z,payment-service,http_p99_latency_ms,252.3
2026-10-07T09:48:00.000Z,payment-service,refund_requests_per_min,2.2
2026-10-07T09:48:00.000Z,payments-db,active_connections,11.0
2026-10-07T09:48:00.000Z,payments-db,query_p99_ms,8.1
2026-10-07T09:48:00.000Z,fraud-api,p99_latency_ms,129.4
2026-10-07T09:48:00.000Z,checkout-service,http_5xx_per_min,4.5
2026-10-07T09:48:00.000Z,notification-service,email_failures_per_min,1.0
2026-10-07T09:49:00.000Z,payment-service,http_5xx_per_min,26.0
2026-10-07T09:49:00.000Z,payment-service,http_p99_latency_ms,220.8
2026-10-07T09:49:00.000Z,payment-service,refund_requests_per_min,1.2
2026-10-07T09:49:00.000Z,payments-db,active_connections,12.0
2026-10-07T09:49:00.000Z,payments-db,query_p99_ms,10.2
2026-10-07T09:49:00.000Z,fraud-api,p99_latency_ms,120.8
2026-10-07T09:49:00.000Z,checkout-service,http_5xx_per_min,3.9
2026-10-07T09:49:00.000Z,notification-service,email_failures_per_min,1.4
2026-10-07T09:50:00.000Z,payment-service,http_5xx_per_min,23.1
2026-10-07T09:50:00.000Z,payment-service,http_p99_latency_ms,221.0
2026-10-07T09:50:00.000Z,payment-service,refund_requests_per_min,2.0
2026-10-07T09:50:00.000Z,payments-db,active_connections,14.0
2026-10-07T09:50:00.000Z,payments-db,query_p99_ms,10.9
2026-10-07T09:50:00.000Z,fraud-api,p99_latency_ms,128.6
2026-10-07T09:50:00.000Z,checkout-service,http_5xx_per_min,4.0
2026-10-07T09:50:00.000Z,notification-service,email_failures_per_min,0.8
2026-10-07T09:51:00.000Z,payment-service,http_5xx_per_min,22.1
2026-10-07T09:51:00.000Z,payment-service,http_p99_latency_ms,257.0
2026-10-07T09:51:00.000Z,payment-service,refund_requests_per_min,1.6
2026-10-07T09:51:00.000Z,payments-db,active_connections,13.0
2026-10-07T09:51:00.000Z,payments-db,query_p99_ms,9.3
2026-10-07T09:51:00.000Z,fraud-api,p99_latency_ms,120.8
2026-10-07T09:51:00.000Z,checkout-service,http_5xx_per_min,4.1
2026-10-07T09:51:00.000Z,notification-service,email_failures_per_min,0.6
2026-10-07T09:52:00.000Z,payment-service,http_5xx_per_min,23.3
2026-10-07T09:52:00.000Z,payment-service,http_p99_latency_ms,230.5
2026-10-07T09:52:00.000Z,payment-service,refund_requests_per_min,1.5
2026-10-07T09:52:00.000Z,payments-db,active_connections,13.0
2026-10-07T09:52:00.000Z,payments-db,query_p99_ms,8.1
2026-10-07T09:52:00.000Z,fraud-api,p99_latency_ms,124.2
2026-10-07T09:52:00.000Z,checkout-service,http_5xx_per_min,4.2
2026-10-07T09:52:00.000Z,notification-service,email_failures_per_min,1.2
2026-10-07T09:53:00.000Z,payment-service,http_5xx_per_min,23.1
2026-10-07T09:53:00.000Z,payment-service,http_p99_latency_ms,250.7
2026-10-07T09:53:00.000Z,payment-service,refund_requests_per_min,2.3
2026-10-07T09:53:00.000Z,payments-db,active_connections,12.0
2026-10-07T09:53:00.000Z,payments-db,query_p99_ms,10.4
2026-10-07T09:53:00.000Z,fraud-api,p99_latency_ms,114.1
2026-10-07T09:53:00.000Z,checkout-service,http_5xx_per_min,3.9
2026-10-07T09:53:00.000Z,notification-service,email_failures_per_min,0.6
2026-10-07T09:54:00.000Z,payment-service,http_5xx_per_min,23.1
2026-10-07T09:54:00.000Z,payment-service,http_p99_latency_ms,253.3
2026-10-07T09:54:00.000Z,payment-service,refund_requests_per_min,2.1
2026-10-07T09:54:00.000Z,payments-db,active_connections,12.0
2026-10-07T09:54:00.000Z,payments-db,query_p99_ms,7.6
2026-10-07T09:54:00.000Z,fraud-api,p99_latency_ms,114.4
2026-10-07T09:54:00.000Z,checkout-service,http_5xx_per_min,3.8
2026-10-07T09:54:00.000Z,notification-service,email_failures_per_min,1.5
2026-10-07T09:55:00.000Z,payment-service,http_5xx_per_min,26.2
2026-10-07T09:55:00.000Z,payment-service,http_p99_latency_ms,245.6
2026-10-07T09:55:00.000Z,payment-service,refund_requests_per_min,2.1
2026-10-07T09:55:00.000Z,payments-db,active_connections,12.0
2026-10-07T09:55:00.000Z,payments-db,query_p99_ms,8.6
2026-10-07T09:55:00.000Z,fraud-api,p99_latency_ms,117.8
2026-10-07T09:55:00.000Z,checkout-service,http_5xx_per_min,4.5
2026-10-07T09:55:00.000Z,notification-service,email_failures_per_min,0.9
2026-10-07T09:56:00.000Z,payment-service,http_5xx_per_min,26.4
2026-10-07T09:56:00.000Z,payment-service,http_p99_latency_ms,240.0
2026-10-07T09:56:00.000Z,payment-service,refund_requests_per_min,1.1
2026-10-07T09:56:00.000Z,payments-db,active_connections,14.0
2026-10-07T09:56:00.000Z,payments-db,query_p99_ms,8.9
2026-10-07T09:56:00.000Z,fraud-api,p99_latency_ms,120.6
2026-10-07T09:56:00.000Z,checkout-service,http_5xx_per_min,5.0
2026-10-07T09:56:00.000Z,notification-service,email_failures_per_min,1.0
2026-10-07T09:57:00.000Z,payment-service,http_5xx_per_min,24.0
2026-10-07T09:57:00.000Z,payment-service,http_p99_latency_ms,226.9
2026-10-07T09:57:00.000Z,payment-service,refund_requests_per_min,2.6
2026-10-07T09:57:00.000Z,payments-db,active_connections,13.0
2026-10-07T09:57:00.000Z,payments-db,query_p99_ms,9.4
2026-10-07T09:57:00.000Z,fraud-api,p99_latency_ms,129.6
2026-10-07T09:57:00.000Z,checkout-service,http_5xx_per_min,3.3
2026-10-07T09:57:00.000Z,notification-service,email_failures_per_min,0.8
2026-10-07T09:58:00.000Z,payment-service,http_5xx_per_min,26.0
2026-10-07T09:58:00.000Z,payment-service,http_p99_latency_ms,258.1
2026-10-07T09:58:00.000Z,payment-service,refund_requests_per_min,2.6
2026-10-07T09:58:00.000Z,payments-db,active_connections,13.0
2026-10-07T09:58:00.000Z,payments-db,query_p99_ms,7.7
2026-10-07T09:58:00.000Z,fraud-api,p99_latency_ms,118.6
2026-10-07T09:58:00.000Z,checkout-service,http_5xx_per_min,4.7
2026-10-07T09:58:00.000Z,notification-service,email_failures_per_min,1.0
2026-10-07T09:59:00.000Z,payment-service,http_5xx_per_min,24.9
2026-10-07T09:59:00.000Z,payment-service,http_p99_latency_ms,253.2
2026-10-07T09:59:00.000Z,payment-service,refund_requests_per_min,1.3
2026-10-07T09:59:00.000Z,payments-db,active_connections,13.0
2026-10-07T09:59:00.000Z,payments-db,query_p99_ms,9.1
2026-10-07T09:59:00.000Z,fraud-api,p99_latency_ms,121.8
2026-10-07T09:59:00.000Z,checkout-service,http_5xx_per_min,4.4
2026-10-07T09:59:00.000Z,notification-service,email_failures_per_min,1.2
2026-10-07T10:00:00.000Z,payment-service,http_5xx_per_min,27.9
2026-10-07T10:00:00.000Z,payment-service,http_p99_latency_ms,233.5
2026-10-07T10:00:00.000Z,payment-service,refund_requests_per_min,1.7
2026-10-07T10:00:00.000Z,payments-db,active_connections,13.0
2026-10-07T10:00:00.000Z,payments-db,query_p99_ms,8.9
2026-10-07T10:00:00.000Z,fraud-api,p99_latency_ms,119.6
2026-10-07T10:00:00.000Z,checkout-service,http_5xx_per_min,4.3
2026-10-07T10:00:00.000Z,notification-service,email_failures_per_min,1.1
2026-10-07T10:01:00.000Z,payment-service,http_5xx_per_min,26.6
2026-10-07T10:01:00.000Z,payment-service,http_p99_latency_ms,244.9
2026-10-07T10:01:00.000Z,payment-service,refund_requests_per_min,1.5
2026-10-07T10:01:00.000Z,payments-db,active_connections,11.0
2026-10-07T10:01:00.000Z,payments-db,query_p99_ms,8.8
2026-10-07T10:01:00.000Z,fraud-api,p99_latency_ms,112.1
2026-10-07T10:01:00.000Z,checkout-service,http_5xx_per_min,4.6
2026-10-07T10:01:00.000Z,notification-service,email_failures_per_min,0.8
2026-10-07T10:02:00.000Z,payment-service,http_5xx_per_min,22.3
2026-10-07T10:02:00.000Z,payment-service,http_p99_latency_ms,256.4
2026-10-07T10:02:00.000Z,payment-service,refund_requests_per_min,2.6
2026-10-07T10:02:00.000Z,payments-db,active_connections,13.0
2026-10-07T10:02:00.000Z,payments-db,query_p99_ms,8.4
2026-10-07T10:02:00.000Z,fraud-api,p99_latency_ms,116.9
2026-10-07T10:02:00.000Z,checkout-service,http_5xx_per_min,4.1
2026-10-07T10:02:00.000Z,notification-service,email_failures_per_min,1.3
2026-10-07T10:03:00.000Z,payment-service,http_5xx_per_min,24.1
2026-10-07T10:03:00.000Z,payment-service,http_p99_latency_ms,259.3
2026-10-07T10:03:00.000Z,payment-service,refund_requests_per_min,2.1
2026-10-07T10:03:00.000Z,payments-db,active_connections,10.0
2026-10-07T10:03:00.000Z,payments-db,query_p99_ms,8.2
2026-10-07T10:03:00.000Z,fraud-api,p99_latency_ms,114.5
2026-10-07T10:03:00.000Z,checkout-service,http_5xx_per_min,3.9
2026-10-07T10:03:00.000Z,notification-service,email_failures_per_min,0.9
2026-10-07T10:04:00.000Z,payment-service,http_5xx_per_min,22.5
2026-10-07T10:04:00.000Z,payment-service,http_p99_latency_ms,253.7
2026-10-07T10:04:00.000Z,payment-service,refund_requests_per_min,1.8
2026-10-07T10:04:00.000Z,payments-db,active_connections,14.0
2026-10-07T10:04:00.000Z,payments-db,query_p99_ms,10.4
2026-10-07T10:04:00.000Z,fraud-api,p99_latency_ms,114.8
2026-10-07T10:04:00.000Z,checkout-service,http_5xx_per_min,4.0
2026-10-07T10:04:00.000Z,notification-service,email_failures_per_min,0.6
2026-10-07T10:05:00.000Z,payment-service,http_5xx_per_min,22.5
2026-10-07T10:05:00.000Z,payment-service,http_p99_latency_ms,245.4
2026-10-07T10:05:00.000Z,payment-service,refund_requests_per_min,2.1
2026-10-07T10:05:00.000Z,payments-db,active_connections,11.0
2026-10-07T10:05:00.000Z,payments-db,query_p99_ms,9.6
2026-10-07T10:05:00.000Z,fraud-api,p99_latency_ms,110.5
2026-10-07T10:05:00.000Z,checkout-service,http_5xx_per_min,4.4
2026-10-07T10:05:00.000Z,notification-service,email_failures_per_min,0.8
2026-10-07T10:06:00.000Z,payment-service,http_5xx_per_min,27.4
2026-10-07T10:06:00.000Z,payment-service,http_p99_latency_ms,237.4
2026-10-07T10:06:00.000Z,payment-service,refund_requests_per_min,2.4
2026-10-07T10:06:00.000Z,payments-db,active_connections,10.0
2026-10-07T10:06:00.000Z,payments-db,query_p99_ms,9.2
2026-10-07T10:06:00.000Z,fraud-api,p99_latency_ms,119.4
2026-10-07T10:06:00.000Z,checkout-service,http_5xx_per_min,4.4
2026-10-07T10:06:00.000Z,notification-service,email_failures_per_min,0.7
2026-10-07T10:07:00.000Z,payment-service,http_5xx_per_min,27.3
2026-10-07T10:07:00.000Z,payment-service,http_p99_latency_ms,256.6
2026-10-07T10:07:00.000Z,payment-service,refund_requests_per_min,2.9
2026-10-07T10:07:00.000Z,payments-db,active_connections,12.0
2026-10-07T10:07:00.000Z,payments-db,query_p99_ms,7.7
2026-10-07T10:07:00.000Z,fraud-api,p99_latency_ms,118.1
2026-10-07T10:07:00.000Z,checkout-service,http_5xx_per_min,3.6
2026-10-07T10:07:00.000Z,notification-service,email_failures_per_min,0.8
2026-10-07T10:08:00.000Z,payment-service,http_5xx_per_min,24.9
2026-10-07T10:08:00.000Z,payment-service,http_p99_latency_ms,243.3
2026-10-07T10:08:00.000Z,payment-service,refund_requests_per_min,2.0
2026-10-07T10:08:00.000Z,payments-db,active_connections,11.0
2026-10-07T10:08:00.000Z,payments-db,query_p99_ms,7.7
2026-10-07T10:08:00.000Z,fraud-api,p99_latency_ms,114.0
2026-10-07T10:08:00.000Z,checkout-service,http_5xx_per_min,3.3
2026-10-07T10:08:00.000Z,notification-service,email_failures_per_min,1.0
2026-10-07T10:09:00.000Z,payment-service,http_5xx_per_min,23.9
2026-10-07T10:09:00.000Z,payment-service,http_p99_latency_ms,255.0
2026-10-07T10:09:00.000Z,payment-service,refund_requests_per_min,1.3
2026-10-07T10:09:00.000Z,payments-db,active_connections,12.0
2026-10-07T10:09:00.000Z,payments-db,query_p99_ms,9.2
2026-10-07T10:09:00.000Z,fraud-api,p99_latency_ms,127.7
2026-10-07T10:09:00.000Z,checkout-service,http_5xx_per_min,5.0
2026-10-07T10:09:00.000Z,notification-service,email_failures_per_min,1.3
2026-10-07T10:10:00.000Z,payment-service,http_5xx_per_min,25.3
2026-10-07T10:10:00.000Z,payment-service,http_p99_latency_ms,242.8
2026-10-07T10:10:00.000Z,payment-service,refund_requests_per_min,1.4
2026-10-07T10:10:00.000Z,payments-db,active_connections,11.0
2026-10-07T10:10:00.000Z,payments-db,query_p99_ms,9.6
2026-10-07T10:10:00.000Z,fraud-api,p99_latency_ms,126.3
2026-10-07T10:10:00.000Z,checkout-service,http_5xx_per_min,4.3
2026-10-07T10:10:00.000Z,notification-service,email_failures_per_min,1.0
2026-10-07T10:11:00.000Z,payment-service,http_5xx_per_min,22.3
2026-10-07T10:11:00.000Z,payment-service,http_p99_latency_ms,235.3
2026-10-07T10:11:00.000Z,payment-service,refund_requests_per_min,1.6
2026-10-07T10:11:00.000Z,payments-db,active_connections,13.0
2026-10-07T10:11:00.000Z,payments-db,query_p99_ms,9.6
2026-10-07T10:11:00.000Z,fraud-api,p99_latency_ms,112.2
2026-10-07T10:11:00.000Z,checkout-service,http_5xx_per_min,4.0
2026-10-07T10:11:00.000Z,notification-service,email_failures_per_min,1.1
2026-10-07T10:12:00.000Z,payment-service,http_5xx_per_min,24.2
2026-10-07T10:12:00.000Z,payment-service,http_p99_latency_ms,251.7
2026-10-07T10:12:00.000Z,payment-service,refund_requests_per_min,2.6
2026-10-07T10:12:00.000Z,payments-db,active_connections,11.0
2026-10-07T10:12:00.000Z,payments-db,query_p99_ms,9.2
2026-10-07T10:12:00.000Z,fraud-api,p99_latency_ms,124.7
2026-10-07T10:12:00.000Z,checkout-service,http_5xx_per_min,3.6
2026-10-07T10:12:00.000Z,notification-service,email_failures_per_min,0.8
2026-10-07T10:13:00.000Z,payment-service,http_5xx_per_min,26.0
2026-10-07T10:13:00.000Z,payment-service,http_p99_latency_ms,226.1
2026-10-07T10:13:00.000Z,payment-service,refund_requests_per_min,1.1
2026-10-07T10:13:00.000Z,payments-db,active_connections,12.0
2026-10-07T10:13:00.000Z,payments-db,query_p99_ms,8.9
2026-10-07T10:13:00.000Z,fraud-api,p99_latency_ms,129.2
2026-10-07T10:13:00.000Z,checkout-service,http_5xx_per_min,4.4
2026-10-07T10:13:00.000Z,notification-service,email_failures_per_min,1.2
2026-10-07T10:14:00.000Z,payment-service,http_5xx_per_min,22.6
2026-10-07T10:14:00.000Z,payment-service,http_p99_latency_ms,228.6
2026-10-07T10:14:00.000Z,payment-service,refund_requests_per_min,2.7
2026-10-07T10:14:00.000Z,payments-db,active_connections,12.0
2026-10-07T10:14:00.000Z,payments-db,query_p99_ms,7.9
2026-10-07T10:14:00.000Z,fraud-api,p99_latency_ms,124.6
2026-10-07T10:14:00.000Z,checkout-service,http_5xx_per_min,3.8
2026-10-07T10:14:00.000Z,notification-service,email_failures_per_min,0.6
2026-10-07T10:15:00.000Z,payment-service,http_5xx_per_min,25.4
2026-10-07T10:15:00.000Z,payment-service,http_p99_latency_ms,245.1
2026-10-07T10:15:00.000Z,payment-service,refund_requests_per_min,1.2
2026-10-07T10:15:00.000Z,payments-db,active_connections,12.0
2026-10-07T10:15:00.000Z,payments-db,query_p99_ms,8.3
2026-10-07T10:15:00.000Z,fraud-api,p99_latency_ms,121.2
2026-10-07T10:15:00.000Z,checkout-service,http_5xx_per_min,4.0
2026-10-07T10:15:00.000Z,notification-service,email_failures_per_min,1.4
2026-10-07T10:16:00.000Z,payment-service,http_5xx_per_min,22.9
2026-10-07T10:16:00.000Z,payment-service,http_p99_latency_ms,241.6
2026-10-07T10:16:00.000Z,payment-service,refund_requests_per_min,2.1
2026-10-07T10:16:00.000Z,payments-db,active_connections,10.0
2026-10-07T10:16:00.000Z,payments-db,query_p99_ms,7.3
2026-10-07T10:16:00.000Z,fraud-api,p99_latency_ms,121.7
2026-10-07T10:16:00.000Z,checkout-service,http_5xx_per_min,4.1
2026-10-07T10:16:00.000Z,notification-service,email_failures_per_min,1.4
2026-10-07T10:17:00.000Z,payment-service,http_5xx_per_min,24.3
2026-10-07T10:17:00.000Z,payment-service,http_p99_latency_ms,252.1
2026-10-07T10:17:00.000Z,payment-service,refund_requests_per_min,2.5
2026-10-07T10:17:00.000Z,payments-db,active_connections,10.0
2026-10-07T10:17:00.000Z,payments-db,query_p99_ms,8.2
2026-10-07T10:17:00.000Z,fraud-api,p99_latency_ms,113.9
2026-10-07T10:17:00.000Z,checkout-service,http_5xx_per_min,3.7
2026-10-07T10:17:00.000Z,notification-service,email_failures_per_min,1.2
2026-10-07T10:18:00.000Z,payment-service,http_5xx_per_min,86.2
2026-10-07T10:18:00.000Z,payment-service,http_p99_latency_ms,240.8
2026-10-07T10:18:00.000Z,payment-service,refund_requests_per_min,1.5
2026-10-07T10:18:00.000Z,payments-db,active_connections,13.0
2026-10-07T10:18:00.000Z,payments-db,query_p99_ms,9.5
2026-10-07T10:18:00.000Z,fraud-api,p99_latency_ms,116.9
2026-10-07T10:18:00.000Z,checkout-service,http_5xx_per_min,4.8
2026-10-07T10:18:00.000Z,notification-service,email_failures_per_min,1.4
2026-10-07T10:19:00.000Z,payment-service,http_5xx_per_min,145.8
2026-10-07T10:19:00.000Z,payment-service,http_p99_latency_ms,257.3
2026-10-07T10:19:00.000Z,payment-service,refund_requests_per_min,2.1
2026-10-07T10:19:00.000Z,payments-db,active_connections,11.0
2026-10-07T10:19:00.000Z,payments-db,query_p99_ms,7.7
2026-10-07T10:19:00.000Z,fraud-api,p99_latency_ms,114.2
2026-10-07T10:19:00.000Z,checkout-service,http_5xx_per_min,35.6
2026-10-07T10:19:00.000Z,notification-service,email_failures_per_min,1.3
2026-10-07T10:20:00.000Z,payment-service,http_5xx_per_min,132.3
2026-10-07T10:20:00.000Z,payment-service,http_p99_latency_ms,258.1
2026-10-07T10:20:00.000Z,payment-service,refund_requests_per_min,2.7
2026-10-07T10:20:00.000Z,payments-db,active_connections,10.0
2026-10-07T10:20:00.000Z,payments-db,query_p99_ms,8.2
2026-10-07T10:20:00.000Z,fraud-api,p99_latency_ms,127.1
2026-10-07T10:20:00.000Z,checkout-service,http_5xx_per_min,71.7
2026-10-07T10:20:00.000Z,notification-service,email_failures_per_min,1.1
2026-10-07T10:21:00.000Z,payment-service,http_5xx_per_min,138.8
2026-10-07T10:21:00.000Z,payment-service,http_p99_latency_ms,255.6
2026-10-07T10:21:00.000Z,payment-service,refund_requests_per_min,1.0
2026-10-07T10:21:00.000Z,payments-db,active_connections,14.0
2026-10-07T10:21:00.000Z,payments-db,query_p99_ms,10.9
2026-10-07T10:21:00.000Z,fraud-api,p99_latency_ms,129.3
2026-10-07T10:21:00.000Z,checkout-service,http_5xx_per_min,68.9
2026-10-07T10:21:00.000Z,notification-service,email_failures_per_min,0.8
2026-10-07T10:22:00.000Z,payment-service,http_5xx_per_min,135.1
2026-10-07T10:22:00.000Z,payment-service,http_p99_latency_ms,240.8
2026-10-07T10:22:00.000Z,payment-service,refund_requests_per_min,2.3
2026-10-07T10:22:00.000Z,payments-db,active_connections,11.0
2026-10-07T10:22:00.000Z,payments-db,query_p99_ms,10.7
2026-10-07T10:22:00.000Z,fraud-api,p99_latency_ms,125.4
2026-10-07T10:22:00.000Z,checkout-service,http_5xx_per_min,68.3
2026-10-07T10:22:00.000Z,notification-service,email_failures_per_min,0.8
2026-10-07T10:23:00.000Z,payment-service,http_5xx_per_min,136.0
2026-10-07T10:23:00.000Z,payment-service,http_p99_latency_ms,247.1
2026-10-07T10:23:00.000Z,payment-service,refund_requests_per_min,1.2
2026-10-07T10:23:00.000Z,payments-db,active_connections,11.0
2026-10-07T10:23:00.000Z,payments-db,query_p99_ms,10.3
2026-10-07T10:23:00.000Z,fraud-api,p99_latency_ms,118.2
2026-10-07T10:23:00.000Z,checkout-service,http_5xx_per_min,68.1
2026-10-07T10:23:00.000Z,notification-service,email_failures_per_min,1.1
2026-10-07T10:24:00.000Z,payment-service,http_5xx_per_min,132.6
2026-10-07T10:24:00.000Z,payment-service,http_p99_latency_ms,245.5
2026-10-07T10:24:00.000Z,payment-service,refund_requests_per_min,2.4
2026-10-07T10:24:00.000Z,payments-db,active_connections,13.0
2026-10-07T10:24:00.000Z,payments-db,query_p99_ms,8.9
2026-10-07T10:24:00.000Z,fraud-api,p99_latency_ms,115.0
2026-10-07T10:24:00.000Z,checkout-service,http_5xx_per_min,72.3
2026-10-07T10:24:00.000Z,notification-service,email_failures_per_min,0.6
2026-10-07T10:25:00.000Z,payment-service,http_5xx_per_min,145.0
2026-10-07T10:25:00.000Z,payment-service,http_p99_latency_ms,244.9
2026-10-07T10:25:00.000Z,payment-service,refund_requests_per_min,2.4
2026-10-07T10:25:00.000Z,payments-db,active_connections,13.0
2026-10-07T10:25:00.000Z,payments-db,query_p99_ms,8.7
2026-10-07T10:25:00.000Z,fraud-api,p99_latency_ms,116.9
2026-10-07T10:25:00.000Z,checkout-service,http_5xx_per_min,69.5
2026-10-07T10:25:00.000Z,notification-service,email_failures_per_min,0.9
2026-10-07T10:26:00.000Z,payment-service,http_5xx_per_min,143.9
2026-10-07T10:26:00.000Z,payment-service,http_p99_latency_ms,258.9
2026-10-07T10:26:00.000Z,payment-service,refund_requests_per_min,2.9
2026-10-07T10:26:00.000Z,payments-db,active_connections,12.0
2026-10-07T10:26:00.000Z,payments-db,query_p99_ms,9.5
2026-10-07T10:26:00.000Z,fraud-api,p99_latency_ms,116.8
2026-10-07T10:26:00.000Z,checkout-service,http_5xx_per_min,68.0
2026-10-07T10:26:00.000Z,notification-service,email_failures_per_min,0.5
2026-10-07T10:27:00.000Z,payment-service,http_5xx_per_min,146.1
2026-10-07T10:27:00.000Z,payment-service,http_p99_latency_ms,238.9
2026-10-07T10:27:00.000Z,payment-service,refund_requests_per_min,2.9
2026-10-07T10:27:00.000Z,payments-db,active_connections,12.0
2026-10-07T10:27:00.000Z,payments-db,query_p99_ms,8.2
2026-10-07T10:27:00.000Z,fraud-api,p99_latency_ms,119.5
2026-10-07T10:27:00.000Z,checkout-service,http_5xx_per_min,67.6
2026-10-07T10:27:00.000Z,notification-service,email_failures_per_min,1.2
2026-10-07T10:28:00.000Z,payment-service,http_5xx_per_min,133.9
2026-10-07T10:28:00.000Z,payment-service,http_p99_latency_ms,251.5
2026-10-07T10:28:00.000Z,payment-service,refund_requests_per_min,2.7
2026-10-07T10:28:00.000Z,payments-db,active_connections,12.0
2026-10-07T10:28:00.000Z,payments-db,query_p99_ms,7.2
2026-10-07T10:28:00.000Z,fraud-api,p99_latency_ms,128.1
2026-10-07T10:28:00.000Z,checkout-service,http_5xx_per_min,72.9
2026-10-07T10:28:00.000Z,notification-service,email_failures_per_min,1.1
2026-10-07T10:29:00.000Z,payment-service,http_5xx_per_min,140.1
2026-10-07T10:29:00.000Z,payment-service,http_p99_latency_ms,248.9
2026-10-07T10:29:00.000Z,payment-service,refund_requests_per_min,1.3
2026-10-07T10:29:00.000Z,payments-db,active_connections,10.0
2026-10-07T10:29:00.000Z,payments-db,query_p99_ms,9.6
2026-10-07T10:29:00.000Z,fraud-api,p99_latency_ms,123.7
2026-10-07T10:29:00.000Z,checkout-service,http_5xx_per_min,70.6
2026-10-07T10:29:00.000Z,notification-service,email_failures_per_min,1.4
2026-10-07T10:30:00.000Z,payment-service,http_5xx_per_min,143.6
2026-10-07T10:30:00.000Z,payment-service,http_p99_latency_ms,232.7
2026-10-07T10:30:00.000Z,payment-service,refund_requests_per_min,1.5
2026-10-07T10:30:00.000Z,payments-db,active_connections,13.0
2026-10-07T10:30:00.000Z,payments-db,query_p99_ms,9.4
2026-10-07T10:30:00.000Z,fraud-api,p99_latency_ms,125.7
2026-10-07T10:30:00.000Z,checkout-service,http_5xx_per_min,68.3
2026-10-07T10:30:00.000Z,notification-service,email_failures_per_min,0.8
2026-10-07T10:31:00.000Z,payment-service,http_5xx_per_min,148.5
2026-10-07T10:31:00.000Z,payment-service,http_p99_latency_ms,257.9
2026-10-07T10:31:00.000Z,payment-service,refund_requests_per_min,1.5
2026-10-07T10:31:00.000Z,payments-db,active_connections,11.0
2026-10-07T10:31:00.000Z,payments-db,query_p99_ms,10.9
2026-10-07T10:31:00.000Z,fraud-api,p99_latency_ms,124.6
2026-10-07T10:31:00.000Z,checkout-service,http_5xx_per_min,70.4
2026-10-07T10:31:00.000Z,notification-service,email_failures_per_min,0.8
2026-10-07T10:32:00.000Z,payment-service,http_5xx_per_min,139.2
2026-10-07T10:32:00.000Z,payment-service,http_p99_latency_ms,239.3
2026-10-07T10:32:00.000Z,payment-service,refund_requests_per_min,1.4
2026-10-07T10:32:00.000Z,payments-db,active_connections,12.0
2026-10-07T10:32:00.000Z,payments-db,query_p99_ms,7.8
2026-10-07T10:32:00.000Z,fraud-api,p99_latency_ms,115.1
2026-10-07T10:32:00.000Z,checkout-service,http_5xx_per_min,70.7
2026-10-07T10:32:00.000Z,notification-service,email_failures_per_min,0.8
2026-10-07T10:33:00.000Z,payment-service,http_5xx_per_min,135.8
2026-10-07T10:33:00.000Z,payment-service,http_p99_latency_ms,259.0
2026-10-07T10:33:00.000Z,payment-service,refund_requests_per_min,2.4
2026-10-07T10:33:00.000Z,payments-db,active_connections,11.0
2026-10-07T10:33:00.000Z,payments-db,query_p99_ms,10.0
2026-10-07T10:33:00.000Z,fraud-api,p99_latency_ms,125.5
2026-10-07T10:33:00.000Z,checkout-service,http_5xx_per_min,71.7
2026-10-07T10:33:00.000Z,notification-service,email_failures_per_min,1.2
2026-10-07T10:34:00.000Z,payment-service,http_5xx_per_min,141.7
2026-10-07T10:34:00.000Z,payment-service,http_p99_latency_ms,237.2
2026-10-07T10:34:00.000Z,payment-service,refund_requests_per_min,2.6
2026-10-07T10:34:00.000Z,payments-db,active_connections,12.0
2026-10-07T10:34:00.000Z,payments-db,query_p99_ms,8.7
2026-10-07T10:34:00.000Z,fraud-api,p99_latency_ms,110.7
2026-10-07T10:34:00.000Z,checkout-service,http_5xx_per_min,68.0
2026-10-07T10:34:00.000Z,notification-service,email_failures_per_min,1.0
2026-10-07T10:35:00.000Z,payment-service,http_5xx_per_min,132.0
2026-10-07T10:35:00.000Z,payment-service,http_p99_latency_ms,248.3
2026-10-07T10:35:00.000Z,payment-service,refund_requests_per_min,1.2
2026-10-07T10:35:00.000Z,payments-db,active_connections,13.0
2026-10-07T10:35:00.000Z,payments-db,query_p99_ms,10.2
2026-10-07T10:35:00.000Z,fraud-api,p99_latency_ms,125.5
2026-10-07T10:35:00.000Z,checkout-service,http_5xx_per_min,69.4
2026-10-07T10:35:00.000Z,notification-service,email_failures_per_min,0.5
2026-10-07T10:36:00.000Z,payment-service,http_5xx_per_min,148.5
2026-10-07T10:36:00.000Z,payment-service,http_p99_latency_ms,256.3
2026-10-07T10:36:00.000Z,payment-service,refund_requests_per_min,1.7
2026-10-07T10:36:00.000Z,payments-db,active_connections,12.0
2026-10-07T10:36:00.000Z,payments-db,query_p99_ms,9.2
2026-10-07T10:36:00.000Z,fraud-api,p99_latency_ms,127.9
2026-10-07T10:36:00.000Z,checkout-service,http_5xx_per_min,70.9
2026-10-07T10:36:00.000Z,notification-service,email_failures_per_min,1.1
2026-10-07T10:37:00.000Z,payment-service,http_5xx_per_min,138.1
2026-10-07T10:37:00.000Z,payment-service,http_p99_latency_ms,231.5
2026-10-07T10:37:00.000Z,payment-service,refund_requests_per_min,2.4
2026-10-07T10:37:00.000Z,payments-db,active_connections,12.0
2026-10-07T10:37:00.000Z,payments-db,query_p99_ms,9.8
2026-10-07T10:37:00.000Z,fraud-api,p99_latency_ms,125.7
2026-10-07T10:37:00.000Z,checkout-service,http_5xx_per_min,67.4
2026-10-07T10:37:00.000Z,notification-service,email_failures_per_min,0.9
2026-10-07T10:38:00.000Z,payment-service,http_5xx_per_min,131.1
2026-10-07T10:38:00.000Z,payment-service,http_p99_latency_ms,240.0
2026-10-07T10:38:00.000Z,payment-service,refund_requests_per_min,2.2
2026-10-07T10:38:00.000Z,payments-db,active_connections,14.0
2026-10-07T10:38:00.000Z,payments-db,query_p99_ms,10.8
2026-10-07T10:38:00.000Z,fraud-api,p99_latency_ms,112.1
2026-10-07T10:38:00.000Z,checkout-service,http_5xx_per_min,68.0
2026-10-07T10:38:00.000Z,notification-service,email_failures_per_min,0.5
2026-10-07T10:39:00.000Z,payment-service,http_5xx_per_min,133.8
2026-10-07T10:39:00.000Z,payment-service,http_p99_latency_ms,257.1
2026-10-07T10:39:00.000Z,payment-service,refund_requests_per_min,1.5
2026-10-07T10:39:00.000Z,payments-db,active_connections,10.0
2026-10-07T10:39:00.000Z,payments-db,query_p99_ms,8.0
2026-10-07T10:39:00.000Z,fraud-api,p99_latency_ms,112.3
2026-10-07T10:39:00.000Z,checkout-service,http_5xx_per_min,69.6
2026-10-07T10:39:00.000Z,notification-service,email_failures_per_min,0.8
2026-10-07T10:40:00.000Z,payment-service,http_5xx_per_min,140.5
2026-10-07T10:40:00.000Z,payment-service,http_p99_latency_ms,251.3
2026-10-07T10:40:00.000Z,payment-service,refund_requests_per_min,1.6
2026-10-07T10:40:00.000Z,payments-db,active_connections,14.0
2026-10-07T10:40:00.000Z,payments-db,query_p99_ms,9.5
2026-10-07T10:40:00.000Z,fraud-api,p99_latency_ms,126.5
2026-10-07T10:40:00.000Z,checkout-service,http_5xx_per_min,68.5
2026-10-07T10:40:00.000Z,notification-service,email_failures_per_min,1.2
2026-10-07T10:41:00.000Z,payment-service,http_5xx_per_min,137.7
2026-10-07T10:41:00.000Z,payment-service,http_p99_latency_ms,224.4
2026-10-07T10:41:00.000Z,payment-service,refund_requests_per_min,2.5
2026-10-07T10:41:00.000Z,payments-db,active_connections,12.0
2026-10-07T10:41:00.000Z,payments-db,query_p99_ms,9.1
2026-10-07T10:41:00.000Z,fraud-api,p99_latency_ms,121.1
2026-10-07T10:41:00.000Z,checkout-service,http_5xx_per_min,67.3
2026-10-07T10:41:00.000Z,notification-service,email_failures_per_min,1.4
2026-10-07T10:42:00.000Z,payment-service,http_5xx_per_min,136.0
2026-10-07T10:42:00.000Z,payment-service,http_p99_latency_ms,246.8
2026-10-07T10:42:00.000Z,payment-service,refund_requests_per_min,1.1
2026-10-07T10:42:00.000Z,payments-db,active_connections,12.0
2026-10-07T10:42:00.000Z,payments-db,query_p99_ms,11.0
2026-10-07T10:42:00.000Z,fraud-api,p99_latency_ms,126.9
2026-10-07T10:42:00.000Z,checkout-service,http_5xx_per_min,69.7
2026-10-07T10:42:00.000Z,notification-service,email_failures_per_min,1.3
2026-10-07T10:43:00.000Z,payment-service,http_5xx_per_min,135.5
2026-10-07T10:43:00.000Z,payment-service,http_p99_latency_ms,255.6
2026-10-07T10:43:00.000Z,payment-service,refund_requests_per_min,2.7
2026-10-07T10:43:00.000Z,payments-db,active_connections,11.0
2026-10-07T10:43:00.000Z,payments-db,query_p99_ms,8.9
2026-10-07T10:43:00.000Z,fraud-api,p99_latency_ms,110.9
2026-10-07T10:43:00.000Z,checkout-service,http_5xx_per_min,67.7
2026-10-07T10:43:00.000Z,notification-service,email_failures_per_min,1.3
2026-10-07T10:44:00.000Z,payment-service,http_5xx_per_min,139.9
2026-10-07T10:44:00.000Z,payment-service,http_p99_latency_ms,220.1
2026-10-07T10:44:00.000Z,payment-service,refund_requests_per_min,1.8
2026-10-07T10:44:00.000Z,payments-db,active_connections,10.0
2026-10-07T10:44:00.000Z,payments-db,query_p99_ms,8.2
2026-10-07T10:44:00.000Z,fraud-api,p99_latency_ms,126.4
2026-10-07T10:44:00.000Z,checkout-service,http_5xx_per_min,69.9
2026-10-07T10:44:00.000Z,notification-service,email_failures_per_min,1.2
2026-10-07T10:45:00.000Z,payment-service,http_5xx_per_min,136.9
2026-10-07T10:45:00.000Z,payment-service,http_p99_latency_ms,223.9
2026-10-07T10:45:00.000Z,payment-service,refund_requests_per_min,1.1
2026-10-07T10:45:00.000Z,payments-db,active_connections,12.0
2026-10-07T10:45:00.000Z,payments-db,query_p99_ms,9.8
2026-10-07T10:45:00.000Z,fraud-api,p99_latency_ms,114.5
2026-10-07T10:45:00.000Z,checkout-service,http_5xx_per_min,67.6
2026-10-07T10:45:00.000Z,notification-service,email_failures_per_min,0.9
2026-10-07T10:46:00.000Z,payment-service,http_5xx_per_min,137.2
2026-10-07T10:46:00.000Z,payment-service,http_p99_latency_ms,231.5
2026-10-07T10:46:00.000Z,payment-service,refund_requests_per_min,1.5
2026-10-07T10:46:00.000Z,payments-db,active_connections,12.0
2026-10-07T10:46:00.000Z,payments-db,query_p99_ms,10.3
2026-10-07T10:46:00.000Z,fraud-api,p99_latency_ms,125.2
2026-10-07T10:46:00.000Z,checkout-service,http_5xx_per_min,72.9
2026-10-07T10:46:00.000Z,notification-service,email_failures_per_min,0.9
2026-10-07T10:47:00.000Z,payment-service,http_5xx_per_min,140.7
2026-10-07T10:47:00.000Z,payment-service,http_p99_latency_ms,256.4
2026-10-07T10:47:00.000Z,payment-service,refund_requests_per_min,1.6
2026-10-07T10:47:00.000Z,payments-db,active_connections,13.0
2026-10-07T10:47:00.000Z,payments-db,query_p99_ms,8.8
2026-10-07T10:47:00.000Z,fraud-api,p99_latency_ms,120.0
2026-10-07T10:47:00.000Z,checkout-service,http_5xx_per_min,69.6
2026-10-07T10:47:00.000Z,notification-service,email_failures_per_min,0.7
2026-10-07T10:48:00.000Z,payment-service,http_5xx_per_min,143.1
2026-10-07T10:48:00.000Z,payment-service,http_p99_latency_ms,245.2
2026-10-07T10:48:00.000Z,payment-service,refund_requests_per_min,2.5
2026-10-07T10:48:00.000Z,payments-db,active_connections,10.0
2026-10-07T10:48:00.000Z,payments-db,query_p99_ms,9.6
2026-10-07T10:48:00.000Z,fraud-api,p99_latency_ms,117.5
2026-10-07T10:48:00.000Z,checkout-service,http_5xx_per_min,68.0
2026-10-07T10:48:00.000Z,notification-service,email_failures_per_min,1.0
2026-10-14T15:38:00.000Z,payment-service,http_5xx_per_min,27.2
2026-10-14T15:38:00.000Z,payment-service,http_p99_latency_ms,252.2
2026-10-14T15:38:00.000Z,payment-service,refund_requests_per_min,2.8
2026-10-14T15:38:00.000Z,payments-db,active_connections,10.0
2026-10-14T15:38:00.000Z,payments-db,query_p99_ms,7.1
2026-10-14T15:38:00.000Z,fraud-api,p99_latency_ms,116.4
2026-10-14T15:38:00.000Z,checkout-service,http_5xx_per_min,4.6
2026-10-14T15:38:00.000Z,notification-service,email_failures_per_min,1.2
2026-10-14T15:39:00.000Z,payment-service,http_5xx_per_min,27.5
2026-10-14T15:39:00.000Z,payment-service,http_p99_latency_ms,256.0
2026-10-14T15:39:00.000Z,payment-service,refund_requests_per_min,1.9
2026-10-14T15:39:00.000Z,payments-db,active_connections,12.0
2026-10-14T15:39:00.000Z,payments-db,query_p99_ms,7.4
2026-10-14T15:39:00.000Z,fraud-api,p99_latency_ms,126.6
2026-10-14T15:39:00.000Z,checkout-service,http_5xx_per_min,3.1
2026-10-14T15:39:00.000Z,notification-service,email_failures_per_min,0.8
2026-10-14T15:40:00.000Z,payment-service,http_5xx_per_min,24.7
2026-10-14T15:40:00.000Z,payment-service,http_p99_latency_ms,244.3
2026-10-14T15:40:00.000Z,payment-service,refund_requests_per_min,1.6
2026-10-14T15:40:00.000Z,payments-db,active_connections,12.0
2026-10-14T15:40:00.000Z,payments-db,query_p99_ms,7.7
2026-10-14T15:40:00.000Z,fraud-api,p99_latency_ms,116.5
2026-10-14T15:40:00.000Z,checkout-service,http_5xx_per_min,4.0
2026-10-14T15:40:00.000Z,notification-service,email_failures_per_min,0.5
2026-10-14T15:41:00.000Z,payment-service,http_5xx_per_min,27.4
2026-10-14T15:41:00.000Z,payment-service,http_p99_latency_ms,254.4
2026-10-14T15:41:00.000Z,payment-service,refund_requests_per_min,3.0
2026-10-14T15:41:00.000Z,payments-db,active_connections,12.0
2026-10-14T15:41:00.000Z,payments-db,query_p99_ms,7.8
2026-10-14T15:41:00.000Z,fraud-api,p99_latency_ms,118.8
2026-10-14T15:41:00.000Z,checkout-service,http_5xx_per_min,4.2
2026-10-14T15:41:00.000Z,notification-service,email_failures_per_min,1.0
2026-10-14T15:42:00.000Z,payment-service,http_5xx_per_min,25.2
2026-10-14T15:42:00.000Z,payment-service,http_p99_latency_ms,232.4
2026-10-14T15:42:00.000Z,payment-service,refund_requests_per_min,2.4
2026-10-14T15:42:00.000Z,payments-db,active_connections,11.0
2026-10-14T15:42:00.000Z,payments-db,query_p99_ms,9.7
2026-10-14T15:42:00.000Z,fraud-api,p99_latency_ms,112.9
2026-10-14T15:42:00.000Z,checkout-service,http_5xx_per_min,3.6
2026-10-14T15:42:00.000Z,notification-service,email_failures_per_min,0.7
2026-10-14T15:43:00.000Z,payment-service,http_5xx_per_min,23.4
2026-10-14T15:43:00.000Z,payment-service,http_p99_latency_ms,243.3
2026-10-14T15:43:00.000Z,payment-service,refund_requests_per_min,2.8
2026-10-14T15:43:00.000Z,payments-db,active_connections,12.0
2026-10-14T15:43:00.000Z,payments-db,query_p99_ms,9.1
2026-10-14T15:43:00.000Z,fraud-api,p99_latency_ms,125.2
2026-10-14T15:43:00.000Z,checkout-service,http_5xx_per_min,3.8
2026-10-14T15:43:00.000Z,notification-service,email_failures_per_min,0.7
2026-10-14T15:44:00.000Z,payment-service,http_5xx_per_min,23.4
2026-10-14T15:44:00.000Z,payment-service,http_p99_latency_ms,258.7
2026-10-14T15:44:00.000Z,payment-service,refund_requests_per_min,2.8
2026-10-14T15:44:00.000Z,payments-db,active_connections,12.0
2026-10-14T15:44:00.000Z,payments-db,query_p99_ms,8.6
2026-10-14T15:44:00.000Z,fraud-api,p99_latency_ms,126.1
2026-10-14T15:44:00.000Z,checkout-service,http_5xx_per_min,4.3
2026-10-14T15:44:00.000Z,notification-service,email_failures_per_min,1.2
2026-10-14T15:45:00.000Z,payment-service,http_5xx_per_min,26.4
2026-10-14T15:45:00.000Z,payment-service,http_p99_latency_ms,250.3
2026-10-14T15:45:00.000Z,payment-service,refund_requests_per_min,2.9
2026-10-14T15:45:00.000Z,payments-db,active_connections,12.0
2026-10-14T15:45:00.000Z,payments-db,query_p99_ms,9.5
2026-10-14T15:45:00.000Z,fraud-api,p99_latency_ms,123.0
2026-10-14T15:45:00.000Z,checkout-service,http_5xx_per_min,4.1
2026-10-14T15:45:00.000Z,notification-service,email_failures_per_min,1.5
2026-10-14T15:46:00.000Z,payment-service,http_5xx_per_min,23.4
2026-10-14T15:46:00.000Z,payment-service,http_p99_latency_ms,244.0
2026-10-14T15:46:00.000Z,payment-service,refund_requests_per_min,1.1
2026-10-14T15:46:00.000Z,payments-db,active_connections,14.0
2026-10-14T15:46:00.000Z,payments-db,query_p99_ms,10.9
2026-10-14T15:46:00.000Z,fraud-api,p99_latency_ms,114.1
2026-10-14T15:46:00.000Z,checkout-service,http_5xx_per_min,4.8
2026-10-14T15:46:00.000Z,notification-service,email_failures_per_min,0.6
2026-10-14T15:47:00.000Z,payment-service,http_5xx_per_min,23.4
2026-10-14T15:47:00.000Z,payment-service,http_p99_latency_ms,258.3
2026-10-14T15:47:00.000Z,payment-service,refund_requests_per_min,2.2
2026-10-14T15:47:00.000Z,payments-db,active_connections,14.0
2026-10-14T15:47:00.000Z,payments-db,query_p99_ms,10.9
2026-10-14T15:47:00.000Z,fraud-api,p99_latency_ms,125.5
2026-10-14T15:47:00.000Z,checkout-service,http_5xx_per_min,4.8
2026-10-14T15:47:00.000Z,notification-service,email_failures_per_min,0.7
2026-10-14T15:48:00.000Z,payment-service,http_5xx_per_min,27.8
2026-10-14T15:48:00.000Z,payment-service,http_p99_latency_ms,223.4
2026-10-14T15:48:00.000Z,payment-service,refund_requests_per_min,1.8
2026-10-14T15:48:00.000Z,payments-db,active_connections,12.0
2026-10-14T15:48:00.000Z,payments-db,query_p99_ms,7.6
2026-10-14T15:48:00.000Z,fraud-api,p99_latency_ms,124.0
2026-10-14T15:48:00.000Z,checkout-service,http_5xx_per_min,3.0
2026-10-14T15:48:00.000Z,notification-service,email_failures_per_min,1.3
2026-10-14T15:49:00.000Z,payment-service,http_5xx_per_min,25.3
2026-10-14T15:49:00.000Z,payment-service,http_p99_latency_ms,246.2
2026-10-14T15:49:00.000Z,payment-service,refund_requests_per_min,2.7
2026-10-14T15:49:00.000Z,payments-db,active_connections,13.0
2026-10-14T15:49:00.000Z,payments-db,query_p99_ms,10.7
2026-10-14T15:49:00.000Z,fraud-api,p99_latency_ms,120.8
2026-10-14T15:49:00.000Z,checkout-service,http_5xx_per_min,4.0
2026-10-14T15:49:00.000Z,notification-service,email_failures_per_min,1.4
2026-10-14T15:50:00.000Z,payment-service,http_5xx_per_min,22.6
2026-10-14T15:50:00.000Z,payment-service,http_p99_latency_ms,257.8
2026-10-14T15:50:00.000Z,payment-service,refund_requests_per_min,2.3
2026-10-14T15:50:00.000Z,payments-db,active_connections,11.0
2026-10-14T15:50:00.000Z,payments-db,query_p99_ms,10.1
2026-10-14T15:50:00.000Z,fraud-api,p99_latency_ms,118.8
2026-10-14T15:50:00.000Z,checkout-service,http_5xx_per_min,4.2
2026-10-14T15:50:00.000Z,notification-service,email_failures_per_min,0.7
2026-10-14T15:51:00.000Z,payment-service,http_5xx_per_min,24.4
2026-10-14T15:51:00.000Z,payment-service,http_p99_latency_ms,233.1
2026-10-14T15:51:00.000Z,payment-service,refund_requests_per_min,1.2
2026-10-14T15:51:00.000Z,payments-db,active_connections,13.0
2026-10-14T15:51:00.000Z,payments-db,query_p99_ms,9.2
2026-10-14T15:51:00.000Z,fraud-api,p99_latency_ms,114.4
2026-10-14T15:51:00.000Z,checkout-service,http_5xx_per_min,4.9
2026-10-14T15:51:00.000Z,notification-service,email_failures_per_min,0.8
2026-10-14T15:52:00.000Z,payment-service,http_5xx_per_min,24.1
2026-10-14T15:52:00.000Z,payment-service,http_p99_latency_ms,229.7
2026-10-14T15:52:00.000Z,payment-service,refund_requests_per_min,1.2
2026-10-14T15:52:00.000Z,payments-db,active_connections,12.0
2026-10-14T15:52:00.000Z,payments-db,query_p99_ms,7.8
2026-10-14T15:52:00.000Z,fraud-api,p99_latency_ms,124.5
2026-10-14T15:52:00.000Z,checkout-service,http_5xx_per_min,4.0
2026-10-14T15:52:00.000Z,notification-service,email_failures_per_min,0.8
2026-10-14T15:53:00.000Z,payment-service,http_5xx_per_min,23.8
2026-10-14T15:53:00.000Z,payment-service,http_p99_latency_ms,250.4
2026-10-14T15:53:00.000Z,payment-service,refund_requests_per_min,2.1
2026-10-14T15:53:00.000Z,payments-db,active_connections,10.0
2026-10-14T15:53:00.000Z,payments-db,query_p99_ms,7.4
2026-10-14T15:53:00.000Z,fraud-api,p99_latency_ms,114.7
2026-10-14T15:53:00.000Z,checkout-service,http_5xx_per_min,4.3
2026-10-14T15:53:00.000Z,notification-service,email_failures_per_min,0.9
2026-10-14T15:54:00.000Z,payment-service,http_5xx_per_min,26.5
2026-10-14T15:54:00.000Z,payment-service,http_p99_latency_ms,246.1
2026-10-14T15:54:00.000Z,payment-service,refund_requests_per_min,1.4
2026-10-14T15:54:00.000Z,payments-db,active_connections,13.0
2026-10-14T15:54:00.000Z,payments-db,query_p99_ms,7.2
2026-10-14T15:54:00.000Z,fraud-api,p99_latency_ms,129.5
2026-10-14T15:54:00.000Z,checkout-service,http_5xx_per_min,3.6
2026-10-14T15:54:00.000Z,notification-service,email_failures_per_min,0.6
2026-10-14T15:55:00.000Z,payment-service,http_5xx_per_min,26.4
2026-10-14T15:55:00.000Z,payment-service,http_p99_latency_ms,222.0
2026-10-14T15:55:00.000Z,payment-service,refund_requests_per_min,1.8
2026-10-14T15:55:00.000Z,payments-db,active_connections,12.0
2026-10-14T15:55:00.000Z,payments-db,query_p99_ms,7.4
2026-10-14T15:55:00.000Z,fraud-api,p99_latency_ms,127.2
2026-10-14T15:55:00.000Z,checkout-service,http_5xx_per_min,3.1
2026-10-14T15:55:00.000Z,notification-service,email_failures_per_min,0.7
2026-10-14T15:56:00.000Z,payment-service,http_5xx_per_min,27.4
2026-10-14T15:56:00.000Z,payment-service,http_p99_latency_ms,223.0
2026-10-14T15:56:00.000Z,payment-service,refund_requests_per_min,1.5
2026-10-14T15:56:00.000Z,payments-db,active_connections,14.0
2026-10-14T15:56:00.000Z,payments-db,query_p99_ms,10.1
2026-10-14T15:56:00.000Z,fraud-api,p99_latency_ms,127.7
2026-10-14T15:56:00.000Z,checkout-service,http_5xx_per_min,4.0
2026-10-14T15:56:00.000Z,notification-service,email_failures_per_min,0.6
2026-10-14T15:57:00.000Z,payment-service,http_5xx_per_min,23.3
2026-10-14T15:57:00.000Z,payment-service,http_p99_latency_ms,243.4
2026-10-14T15:57:00.000Z,payment-service,refund_requests_per_min,1.3
2026-10-14T15:57:00.000Z,payments-db,active_connections,13.0
2026-10-14T15:57:00.000Z,payments-db,query_p99_ms,7.4
2026-10-14T15:57:00.000Z,fraud-api,p99_latency_ms,124.8
2026-10-14T15:57:00.000Z,checkout-service,http_5xx_per_min,4.1
2026-10-14T15:57:00.000Z,notification-service,email_failures_per_min,0.6
2026-10-14T15:58:00.000Z,payment-service,http_5xx_per_min,24.5
2026-10-14T15:58:00.000Z,payment-service,http_p99_latency_ms,221.2
2026-10-14T15:58:00.000Z,payment-service,refund_requests_per_min,1.7
2026-10-14T15:58:00.000Z,payments-db,active_connections,14.0
2026-10-14T15:58:00.000Z,payments-db,query_p99_ms,8.8
2026-10-14T15:58:00.000Z,fraud-api,p99_latency_ms,121.4
2026-10-14T15:58:00.000Z,checkout-service,http_5xx_per_min,4.3
2026-10-14T15:58:00.000Z,notification-service,email_failures_per_min,1.3
2026-10-14T15:59:00.000Z,payment-service,http_5xx_per_min,27.8
2026-10-14T15:59:00.000Z,payment-service,http_p99_latency_ms,257.5
2026-10-14T15:59:00.000Z,payment-service,refund_requests_per_min,1.9
2026-10-14T15:59:00.000Z,payments-db,active_connections,10.0
2026-10-14T15:59:00.000Z,payments-db,query_p99_ms,10.2
2026-10-14T15:59:00.000Z,fraud-api,p99_latency_ms,110.9
2026-10-14T15:59:00.000Z,checkout-service,http_5xx_per_min,4.7
2026-10-14T15:59:00.000Z,notification-service,email_failures_per_min,0.7
2026-10-14T16:00:00.000Z,payment-service,http_5xx_per_min,23.7
2026-10-14T16:00:00.000Z,payment-service,http_p99_latency_ms,227.2
2026-10-14T16:00:00.000Z,payment-service,refund_requests_per_min,1.0
2026-10-14T16:00:00.000Z,payments-db,active_connections,10.0
2026-10-14T16:00:00.000Z,payments-db,query_p99_ms,10.2
2026-10-14T16:00:00.000Z,fraud-api,p99_latency_ms,115.7
2026-10-14T16:00:00.000Z,checkout-service,http_5xx_per_min,4.4
2026-10-14T16:00:00.000Z,notification-service,email_failures_per_min,1.2
2026-10-14T16:01:00.000Z,payment-service,http_5xx_per_min,24.3
2026-10-14T16:01:00.000Z,payment-service,http_p99_latency_ms,229.7
2026-10-14T16:01:00.000Z,payment-service,refund_requests_per_min,1.5
2026-10-14T16:01:00.000Z,payments-db,active_connections,13.0
2026-10-14T16:01:00.000Z,payments-db,query_p99_ms,8.9
2026-10-14T16:01:00.000Z,fraud-api,p99_latency_ms,110.6
2026-10-14T16:01:00.000Z,checkout-service,http_5xx_per_min,4.7
2026-10-14T16:01:00.000Z,notification-service,email_failures_per_min,0.8
2026-10-14T16:02:00.000Z,payment-service,http_5xx_per_min,28.0
2026-10-14T16:02:00.000Z,payment-service,http_p99_latency_ms,222.2
2026-10-14T16:02:00.000Z,payment-service,refund_requests_per_min,1.2
2026-10-14T16:02:00.000Z,payments-db,active_connections,13.0
2026-10-14T16:02:00.000Z,payments-db,query_p99_ms,9.5
2026-10-14T16:02:00.000Z,fraud-api,p99_latency_ms,116.4
2026-10-14T16:02:00.000Z,checkout-service,http_5xx_per_min,3.0
2026-10-14T16:02:00.000Z,notification-service,email_failures_per_min,1.5
2026-10-14T16:03:00.000Z,payment-service,http_5xx_per_min,24.4
2026-10-14T16:03:00.000Z,payment-service,http_p99_latency_ms,228.9
2026-10-14T16:03:00.000Z,payment-service,refund_requests_per_min,2.5
2026-10-14T16:03:00.000Z,payments-db,active_connections,10.0
2026-10-14T16:03:00.000Z,payments-db,query_p99_ms,10.8
2026-10-14T16:03:00.000Z,fraud-api,p99_latency_ms,116.2
2026-10-14T16:03:00.000Z,checkout-service,http_5xx_per_min,4.6
2026-10-14T16:03:00.000Z,notification-service,email_failures_per_min,0.7
2026-10-14T16:04:00.000Z,payment-service,http_5xx_per_min,25.2
2026-10-14T16:04:00.000Z,payment-service,http_p99_latency_ms,235.0
2026-10-14T16:04:00.000Z,payment-service,refund_requests_per_min,1.9
2026-10-14T16:04:00.000Z,payments-db,active_connections,10.0
2026-10-14T16:04:00.000Z,payments-db,query_p99_ms,8.7
2026-10-14T16:04:00.000Z,fraud-api,p99_latency_ms,126.0
2026-10-14T16:04:00.000Z,checkout-service,http_5xx_per_min,3.3
2026-10-14T16:04:00.000Z,notification-service,email_failures_per_min,0.8
2026-10-14T16:05:00.000Z,payment-service,http_5xx_per_min,27.9
2026-10-14T16:05:00.000Z,payment-service,http_p99_latency_ms,221.1
2026-10-14T16:05:00.000Z,payment-service,refund_requests_per_min,1.3
2026-10-14T16:05:00.000Z,payments-db,active_connections,12.0
2026-10-14T16:05:00.000Z,payments-db,query_p99_ms,10.9
2026-10-14T16:05:00.000Z,fraud-api,p99_latency_ms,120.1
2026-10-14T16:05:00.000Z,checkout-service,http_5xx_per_min,3.8
2026-10-14T16:05:00.000Z,notification-service,email_failures_per_min,1.4
2026-10-14T16:06:00.000Z,payment-service,http_5xx_per_min,23.2
2026-10-14T16:06:00.000Z,payment-service,http_p99_latency_ms,230.5
2026-10-14T16:06:00.000Z,payment-service,refund_requests_per_min,1.5
2026-10-14T16:06:00.000Z,payments-db,active_connections,13.0
2026-10-14T16:06:00.000Z,payments-db,query_p99_ms,10.2
2026-10-14T16:06:00.000Z,fraud-api,p99_latency_ms,118.2
2026-10-14T16:06:00.000Z,checkout-service,http_5xx_per_min,3.8
2026-10-14T16:06:00.000Z,notification-service,email_failures_per_min,1.4
2026-10-14T16:07:00.000Z,payment-service,http_5xx_per_min,24.5
2026-10-14T16:07:00.000Z,payment-service,http_p99_latency_ms,239.9
2026-10-14T16:07:00.000Z,payment-service,refund_requests_per_min,2.3
2026-10-14T16:07:00.000Z,payments-db,active_connections,13.0
2026-10-14T16:07:00.000Z,payments-db,query_p99_ms,7.0
2026-10-14T16:07:00.000Z,fraud-api,p99_latency_ms,125.0
2026-10-14T16:07:00.000Z,checkout-service,http_5xx_per_min,3.6
2026-10-14T16:07:00.000Z,notification-service,email_failures_per_min,1.1
2026-10-14T16:08:00.000Z,payment-service,http_5xx_per_min,25.8
2026-10-14T16:08:00.000Z,payment-service,http_p99_latency_ms,258.5
2026-10-14T16:08:00.000Z,payment-service,refund_requests_per_min,2.8
2026-10-14T16:08:00.000Z,payments-db,active_connections,13.0
2026-10-14T16:08:00.000Z,payments-db,query_p99_ms,10.2
2026-10-14T16:08:00.000Z,fraud-api,p99_latency_ms,115.5
2026-10-14T16:08:00.000Z,checkout-service,http_5xx_per_min,3.7
2026-10-14T16:08:00.000Z,notification-service,email_failures_per_min,1.1
2026-10-14T16:09:00.000Z,payment-service,http_5xx_per_min,26.3
2026-10-14T16:09:00.000Z,payment-service,http_p99_latency_ms,255.1
2026-10-14T16:09:00.000Z,payment-service,refund_requests_per_min,2.2
2026-10-14T16:09:00.000Z,payments-db,active_connections,11.0
2026-10-14T16:09:00.000Z,payments-db,query_p99_ms,8.1
2026-10-14T16:09:00.000Z,fraud-api,p99_latency_ms,127.4
2026-10-14T16:09:00.000Z,checkout-service,http_5xx_per_min,4.0
2026-10-14T16:09:00.000Z,notification-service,email_failures_per_min,0.8
2026-10-14T16:10:00.000Z,payment-service,http_5xx_per_min,25.1
2026-10-14T16:10:00.000Z,payment-service,http_p99_latency_ms,241.8
2026-10-14T16:10:00.000Z,payment-service,refund_requests_per_min,1.5
2026-10-14T16:10:00.000Z,payments-db,active_connections,12.0
2026-10-14T16:10:00.000Z,payments-db,query_p99_ms,7.2
2026-10-14T16:10:00.000Z,fraud-api,p99_latency_ms,128.9
2026-10-14T16:10:00.000Z,checkout-service,http_5xx_per_min,3.4
2026-10-14T16:10:00.000Z,notification-service,email_failures_per_min,1.0
2026-10-14T16:11:00.000Z,payment-service,http_5xx_per_min,26.5
2026-10-14T16:11:00.000Z,payment-service,http_p99_latency_ms,234.2
2026-10-14T16:11:00.000Z,payment-service,refund_requests_per_min,1.3
2026-10-14T16:11:00.000Z,payments-db,active_connections,11.0
2026-10-14T16:11:00.000Z,payments-db,query_p99_ms,7.0
2026-10-14T16:11:00.000Z,fraud-api,p99_latency_ms,111.7
2026-10-14T16:11:00.000Z,checkout-service,http_5xx_per_min,4.7
2026-10-14T16:11:00.000Z,notification-service,email_failures_per_min,1.1
2026-10-14T16:12:00.000Z,payment-service,http_5xx_per_min,25.9
2026-10-14T16:12:00.000Z,payment-service,http_p99_latency_ms,251.2
2026-10-14T16:12:00.000Z,payment-service,refund_requests_per_min,2.0
2026-10-14T16:12:00.000Z,payments-db,active_connections,11.0
2026-10-14T16:12:00.000Z,payments-db,query_p99_ms,8.5
2026-10-14T16:12:00.000Z,fraud-api,p99_latency_ms,128.6
2026-10-14T16:12:00.000Z,checkout-service,http_5xx_per_min,4.3
2026-10-14T16:12:00.000Z,notification-service,email_failures_per_min,1.1
2026-10-14T16:13:00.000Z,payment-service,http_5xx_per_min,23.4
2026-10-14T16:13:00.000Z,payment-service,http_p99_latency_ms,257.8
2026-10-14T16:13:00.000Z,payment-service,refund_requests_per_min,1.7
2026-10-14T16:13:00.000Z,payments-db,active_connections,12.0
2026-10-14T16:13:00.000Z,payments-db,query_p99_ms,8.1
2026-10-14T16:13:00.000Z,fraud-api,p99_latency_ms,116.7
2026-10-14T16:13:00.000Z,checkout-service,http_5xx_per_min,3.3
2026-10-14T16:13:00.000Z,notification-service,email_failures_per_min,0.9
2026-10-14T16:14:00.000Z,payment-service,http_5xx_per_min,22.4
2026-10-14T16:14:00.000Z,payment-service,http_p99_latency_ms,260.0
2026-10-14T16:14:00.000Z,payment-service,refund_requests_per_min,2.2
2026-10-14T16:14:00.000Z,payments-db,active_connections,13.0
2026-10-14T16:14:00.000Z,payments-db,query_p99_ms,7.9
2026-10-14T16:14:00.000Z,fraud-api,p99_latency_ms,118.2
2026-10-14T16:14:00.000Z,checkout-service,http_5xx_per_min,4.0
2026-10-14T16:14:00.000Z,notification-service,email_failures_per_min,1.4
2026-10-14T16:15:00.000Z,payment-service,http_5xx_per_min,22.7
2026-10-14T16:15:00.000Z,payment-service,http_p99_latency_ms,232.8
2026-10-14T16:15:00.000Z,payment-service,refund_requests_per_min,2.6
2026-10-14T16:15:00.000Z,payments-db,active_connections,10.0
2026-10-14T16:15:00.000Z,payments-db,query_p99_ms,7.9
2026-10-14T16:15:00.000Z,fraud-api,p99_latency_ms,125.1
2026-10-14T16:15:00.000Z,checkout-service,http_5xx_per_min,3.4
2026-10-14T16:15:00.000Z,notification-service,email_failures_per_min,1.2
2026-10-14T16:16:00.000Z,payment-service,http_5xx_per_min,24.5
2026-10-14T16:16:00.000Z,payment-service,http_p99_latency_ms,230.0
2026-10-14T16:16:00.000Z,payment-service,refund_requests_per_min,1.5
2026-10-14T16:16:00.000Z,payments-db,active_connections,13.0
2026-10-14T16:16:00.000Z,payments-db,query_p99_ms,7.2
2026-10-14T16:16:00.000Z,fraud-api,p99_latency_ms,128.8
2026-10-14T16:16:00.000Z,checkout-service,http_5xx_per_min,4.3
2026-10-14T16:16:00.000Z,notification-service,email_failures_per_min,1.5
2026-10-14T16:17:00.000Z,payment-service,http_5xx_per_min,24.4
2026-10-14T16:17:00.000Z,payment-service,http_p99_latency_ms,229.5
2026-10-14T16:17:00.000Z,payment-service,refund_requests_per_min,2.2
2026-10-14T16:17:00.000Z,payments-db,active_connections,13.0
2026-10-14T16:17:00.000Z,payments-db,query_p99_ms,9.2
2026-10-14T16:17:00.000Z,fraud-api,p99_latency_ms,127.1
2026-10-14T16:17:00.000Z,checkout-service,http_5xx_per_min,3.1
2026-10-14T16:17:00.000Z,notification-service,email_failures_per_min,1.3
2026-10-14T16:18:00.000Z,payment-service,http_5xx_per_min,24.2
2026-10-14T16:18:00.000Z,payment-service,http_p99_latency_ms,250.0
2026-10-14T16:18:00.000Z,payment-service,refund_requests_per_min,1.5
2026-10-14T16:18:00.000Z,payments-db,active_connections,13.0
2026-10-14T16:18:00.000Z,payments-db,query_p99_ms,9.5
2026-10-14T16:18:00.000Z,fraud-api,p99_latency_ms,110.9
2026-10-14T16:18:00.000Z,checkout-service,http_5xx_per_min,3.3
2026-10-14T16:18:00.000Z,notification-service,email_failures_per_min,1.5
2026-10-14T16:19:00.000Z,payment-service,http_5xx_per_min,23.8
2026-10-14T16:19:00.000Z,payment-service,http_p99_latency_ms,231.0
2026-10-14T16:19:00.000Z,payment-service,refund_requests_per_min,2.4
2026-10-14T16:19:00.000Z,payments-db,active_connections,10.0
2026-10-14T16:19:00.000Z,payments-db,query_p99_ms,9.1
2026-10-14T16:19:00.000Z,fraud-api,p99_latency_ms,127.8
2026-10-14T16:19:00.000Z,checkout-service,http_5xx_per_min,3.2
2026-10-14T16:19:00.000Z,notification-service,email_failures_per_min,0.7
2026-10-14T16:20:00.000Z,payment-service,http_5xx_per_min,22.7
2026-10-14T16:20:00.000Z,payment-service,http_p99_latency_ms,237.6
2026-10-14T16:20:00.000Z,payment-service,refund_requests_per_min,1.5
2026-10-14T16:20:00.000Z,payments-db,active_connections,12.0
2026-10-14T16:20:00.000Z,payments-db,query_p99_ms,7.8
2026-10-14T16:20:00.000Z,fraud-api,p99_latency_ms,121.0
2026-10-14T16:20:00.000Z,checkout-service,http_5xx_per_min,4.7
2026-10-14T16:20:00.000Z,notification-service,email_failures_per_min,0.5
2026-10-14T16:21:00.000Z,payment-service,http_5xx_per_min,22.7
2026-10-14T16:21:00.000Z,payment-service,http_p99_latency_ms,250.0
2026-10-14T16:21:00.000Z,payment-service,refund_requests_per_min,1.4
2026-10-14T16:21:00.000Z,payments-db,active_connections,14.0
2026-10-14T16:21:00.000Z,payments-db,query_p99_ms,7.5
2026-10-14T16:21:00.000Z,fraud-api,p99_latency_ms,119.8
2026-10-14T16:21:00.000Z,checkout-service,http_5xx_per_min,3.3
2026-10-14T16:21:00.000Z,notification-service,email_failures_per_min,0.8
2026-10-14T16:22:00.000Z,payment-service,http_5xx_per_min,24.9
2026-10-14T16:22:00.000Z,payment-service,http_p99_latency_ms,238.1
2026-10-14T16:22:00.000Z,payment-service,refund_requests_per_min,1.8
2026-10-14T16:22:00.000Z,payments-db,active_connections,12.0
2026-10-14T16:22:00.000Z,payments-db,query_p99_ms,8.4
2026-10-14T16:22:00.000Z,fraud-api,p99_latency_ms,115.8
2026-10-14T16:22:00.000Z,checkout-service,http_5xx_per_min,4.6
2026-10-14T16:22:00.000Z,notification-service,email_failures_per_min,1.2
2026-10-14T16:23:00.000Z,payment-service,http_5xx_per_min,26.8
2026-10-14T16:23:00.000Z,payment-service,http_p99_latency_ms,246.9
2026-10-14T16:23:00.000Z,payment-service,refund_requests_per_min,1.3
2026-10-14T16:23:00.000Z,payments-db,active_connections,13.0
2026-10-14T16:23:00.000Z,payments-db,query_p99_ms,10.8
2026-10-14T16:23:00.000Z,fraud-api,p99_latency_ms,110.3
2026-10-14T16:23:00.000Z,checkout-service,http_5xx_per_min,4.0
2026-10-14T16:23:00.000Z,notification-service,email_failures_per_min,1.1
2026-10-14T16:24:00.000Z,payment-service,http_5xx_per_min,22.1
2026-10-14T16:24:00.000Z,payment-service,http_p99_latency_ms,243.6
2026-10-14T16:24:00.000Z,payment-service,refund_requests_per_min,1.1
2026-10-14T16:24:00.000Z,payments-db,active_connections,13.0
2026-10-14T16:24:00.000Z,payments-db,query_p99_ms,8.4
2026-10-14T16:24:00.000Z,fraud-api,p99_latency_ms,129.5
2026-10-14T16:24:00.000Z,checkout-service,http_5xx_per_min,3.6
2026-10-14T16:24:00.000Z,notification-service,email_failures_per_min,1.3
2026-10-14T16:25:00.000Z,payment-service,http_5xx_per_min,23.6
2026-10-14T16:25:00.000Z,payment-service,http_p99_latency_ms,230.9
2026-10-14T16:25:00.000Z,payment-service,refund_requests_per_min,2.3
2026-10-14T16:25:00.000Z,payments-db,active_connections,12.0
2026-10-14T16:25:00.000Z,payments-db,query_p99_ms,10.4
2026-10-14T16:25:00.000Z,fraud-api,p99_latency_ms,125.6
2026-10-14T16:25:00.000Z,checkout-service,http_5xx_per_min,3.2
2026-10-14T16:25:00.000Z,notification-service,email_failures_per_min,0.5
2026-10-14T16:26:00.000Z,payment-service,http_5xx_per_min,24.6
2026-10-14T16:26:00.000Z,payment-service,http_p99_latency_ms,220.2
2026-10-14T16:26:00.000Z,payment-service,refund_requests_per_min,1.9
2026-10-14T16:26:00.000Z,payments-db,active_connections,12.0
2026-10-14T16:26:00.000Z,payments-db,query_p99_ms,9.8
2026-10-14T16:26:00.000Z,fraud-api,p99_latency_ms,117.8
2026-10-14T16:26:00.000Z,checkout-service,http_5xx_per_min,3.1
2026-10-14T16:26:00.000Z,notification-service,email_failures_per_min,1.2
2026-10-14T16:27:00.000Z,payment-service,http_5xx_per_min,23.1
2026-10-14T16:27:00.000Z,payment-service,http_p99_latency_ms,220.8
2026-10-14T16:27:00.000Z,payment-service,refund_requests_per_min,1.4
2026-10-14T16:27:00.000Z,payments-db,active_connections,13.0
2026-10-14T16:27:00.000Z,payments-db,query_p99_ms,7.9
2026-10-14T16:27:00.000Z,fraud-api,p99_latency_ms,119.1
2026-10-14T16:27:00.000Z,checkout-service,http_5xx_per_min,4.0
2026-10-14T16:27:00.000Z,notification-service,email_failures_per_min,1.4
2026-10-14T16:28:00.000Z,payment-service,http_5xx_per_min,22.2
2026-10-14T16:28:00.000Z,payment-service,http_p99_latency_ms,247.5
2026-10-14T16:28:00.000Z,payment-service,refund_requests_per_min,1.9
2026-10-14T16:28:00.000Z,payments-db,active_connections,14.0
2026-10-14T16:28:00.000Z,payments-db,query_p99_ms,7.7
2026-10-14T16:28:00.000Z,fraud-api,p99_latency_ms,123.7
2026-10-14T16:28:00.000Z,checkout-service,http_5xx_per_min,4.5
2026-10-14T16:28:00.000Z,notification-service,email_failures_per_min,0.7
2026-10-14T16:29:00.000Z,payment-service,http_5xx_per_min,23.4
2026-10-14T16:29:00.000Z,payment-service,http_p99_latency_ms,221.1
2026-10-14T16:29:00.000Z,payment-service,refund_requests_per_min,1.9
2026-10-14T16:29:00.000Z,payments-db,active_connections,13.0
2026-10-14T16:29:00.000Z,payments-db,query_p99_ms,7.4
2026-10-14T16:29:00.000Z,fraud-api,p99_latency_ms,124.2
2026-10-14T16:29:00.000Z,checkout-service,http_5xx_per_min,4.7
2026-10-14T16:29:00.000Z,notification-service,email_failures_per_min,1.0
2026-10-14T16:30:00.000Z,payment-service,http_5xx_per_min,26.5
2026-10-14T16:30:00.000Z,payment-service,http_p99_latency_ms,221.0
2026-10-14T16:30:00.000Z,payment-service,refund_requests_per_min,2.1
2026-10-14T16:30:00.000Z,payments-db,active_connections,12.0
2026-10-14T16:30:00.000Z,payments-db,query_p99_ms,8.2
2026-10-14T16:30:00.000Z,fraud-api,p99_latency_ms,117.0
2026-10-14T16:30:00.000Z,checkout-service,http_5xx_per_min,4.2
2026-10-14T16:30:00.000Z,notification-service,email_failures_per_min,0.7
2026-10-14T16:31:00.000Z,payment-service,http_5xx_per_min,24.6
2026-10-14T16:31:00.000Z,payment-service,http_p99_latency_ms,242.4
2026-10-14T16:31:00.000Z,payment-service,refund_requests_per_min,1.7
2026-10-14T16:31:00.000Z,payments-db,active_connections,13.0
2026-10-14T16:31:00.000Z,payments-db,query_p99_ms,7.6
2026-10-14T16:31:00.000Z,fraud-api,p99_latency_ms,113.8
2026-10-14T16:31:00.000Z,checkout-service,http_5xx_per_min,4.2
2026-10-14T16:31:00.000Z,notification-service,email_failures_per_min,0.9
2026-10-14T16:32:00.000Z,payment-service,http_5xx_per_min,25.2
2026-10-14T16:32:00.000Z,payment-service,http_p99_latency_ms,245.7
2026-10-14T16:32:00.000Z,payment-service,refund_requests_per_min,2.5
2026-10-14T16:32:00.000Z,payments-db,active_connections,11.0
2026-10-14T16:32:00.000Z,payments-db,query_p99_ms,8.6
2026-10-14T16:32:00.000Z,fraud-api,p99_latency_ms,119.7
2026-10-14T16:32:00.000Z,checkout-service,http_5xx_per_min,4.0
2026-10-14T16:32:00.000Z,notification-service,email_failures_per_min,0.8
2026-10-14T16:33:00.000Z,payment-service,http_5xx_per_min,26.3
2026-10-14T16:33:00.000Z,payment-service,http_p99_latency_ms,226.8
2026-10-14T16:33:00.000Z,payment-service,refund_requests_per_min,3.0
2026-10-14T16:33:00.000Z,payments-db,active_connections,13.0
2026-10-14T16:33:00.000Z,payments-db,query_p99_ms,10.4
2026-10-14T16:33:00.000Z,fraud-api,p99_latency_ms,120.2
2026-10-14T16:33:00.000Z,checkout-service,http_5xx_per_min,3.6
2026-10-14T16:33:00.000Z,notification-service,email_failures_per_min,1.4
2026-10-14T16:34:00.000Z,payment-service,http_5xx_per_min,24.1
2026-10-14T16:34:00.000Z,payment-service,http_p99_latency_ms,242.4
2026-10-14T16:34:00.000Z,payment-service,refund_requests_per_min,1.2
2026-10-14T16:34:00.000Z,payments-db,active_connections,13.0
2026-10-14T16:34:00.000Z,payments-db,query_p99_ms,9.6
2026-10-14T16:34:00.000Z,fraud-api,p99_latency_ms,121.7
2026-10-14T16:34:00.000Z,checkout-service,http_5xx_per_min,3.7
2026-10-14T16:34:00.000Z,notification-service,email_failures_per_min,0.9
2026-10-14T16:35:00.000Z,payment-service,http_5xx_per_min,25.4
2026-10-14T16:35:00.000Z,payment-service,http_p99_latency_ms,231.8
2026-10-14T16:35:00.000Z,payment-service,refund_requests_per_min,2.6
2026-10-14T16:35:00.000Z,payments-db,active_connections,14.0
2026-10-14T16:35:00.000Z,payments-db,query_p99_ms,7.7
2026-10-14T16:35:00.000Z,fraud-api,p99_latency_ms,122.2
2026-10-14T16:35:00.000Z,checkout-service,http_5xx_per_min,4.1
2026-10-14T16:35:00.000Z,notification-service,email_failures_per_min,1.3
2026-10-14T16:36:00.000Z,payment-service,http_5xx_per_min,26.2
2026-10-14T16:36:00.000Z,payment-service,http_p99_latency_ms,225.4
2026-10-14T16:36:00.000Z,payment-service,refund_requests_per_min,1.9
2026-10-14T16:36:00.000Z,payments-db,active_connections,14.0
2026-10-14T16:36:00.000Z,payments-db,query_p99_ms,7.3
2026-10-14T16:36:00.000Z,fraud-api,p99_latency_ms,125.4
2026-10-14T16:36:00.000Z,checkout-service,http_5xx_per_min,4.4
2026-10-14T16:36:00.000Z,notification-service,email_failures_per_min,1.1
2026-10-14T16:37:00.000Z,payment-service,http_5xx_per_min,27.0
2026-10-14T16:37:00.000Z,payment-service,http_p99_latency_ms,233.5
2026-10-14T16:37:00.000Z,payment-service,refund_requests_per_min,2.5
2026-10-14T16:37:00.000Z,payments-db,active_connections,13.0
2026-10-14T16:37:00.000Z,payments-db,query_p99_ms,9.1
2026-10-14T16:37:00.000Z,fraud-api,p99_latency_ms,4539.0
2026-10-14T16:37:00.000Z,checkout-service,http_5xx_per_min,3.8
2026-10-14T16:37:00.000Z,notification-service,email_failures_per_min,1.3
2026-10-14T16:38:00.000Z,payment-service,http_5xx_per_min,26.7
2026-10-14T16:38:00.000Z,payment-service,http_p99_latency_ms,5260.5
2026-10-14T16:38:00.000Z,payment-service,refund_requests_per_min,1.6
2026-10-14T16:38:00.000Z,payments-db,active_connections,13.0
2026-10-14T16:38:00.000Z,payments-db,query_p99_ms,10.8
2026-10-14T16:38:00.000Z,fraud-api,p99_latency_ms,8988.8
2026-10-14T16:38:00.000Z,checkout-service,http_5xx_per_min,4.8
2026-10-14T16:38:00.000Z,notification-service,email_failures_per_min,1.4
2026-10-14T16:39:00.000Z,payment-service,http_5xx_per_min,52.5
2026-10-14T16:39:00.000Z,payment-service,http_p99_latency_ms,10216.4
2026-10-14T16:39:00.000Z,payment-service,refund_requests_per_min,1.0
2026-10-14T16:39:00.000Z,payments-db,active_connections,10.0
2026-10-14T16:39:00.000Z,payments-db,query_p99_ms,7.6
2026-10-14T16:39:00.000Z,fraud-api,p99_latency_ms,9026.6
2026-10-14T16:39:00.000Z,checkout-service,http_5xx_per_min,4.5
2026-10-14T16:39:00.000Z,notification-service,email_failures_per_min,1.2
2026-10-14T16:40:00.000Z,payment-service,http_5xx_per_min,61.7
2026-10-14T16:40:00.000Z,payment-service,http_p99_latency_ms,10188.4
2026-10-14T16:40:00.000Z,payment-service,refund_requests_per_min,2.7
2026-10-14T16:40:00.000Z,payments-db,active_connections,12.0
2026-10-14T16:40:00.000Z,payments-db,query_p99_ms,7.2
2026-10-14T16:40:00.000Z,fraud-api,p99_latency_ms,8970.8
2026-10-14T16:40:00.000Z,checkout-service,http_5xx_per_min,20.0
2026-10-14T16:40:00.000Z,notification-service,email_failures_per_min,0.5
2026-10-14T16:41:00.000Z,payment-service,http_5xx_per_min,90.1
2026-10-14T16:41:00.000Z,payment-service,http_p99_latency_ms,10204.6
2026-10-14T16:41:00.000Z,payment-service,refund_requests_per_min,1.9
2026-10-14T16:41:00.000Z,payments-db,active_connections,12.0
2026-10-14T16:41:00.000Z,payments-db,query_p99_ms,9.5
2026-10-14T16:41:00.000Z,fraud-api,p99_latency_ms,8994.4
2026-10-14T16:41:00.000Z,checkout-service,http_5xx_per_min,34.6
2026-10-14T16:41:00.000Z,notification-service,email_failures_per_min,0.7
2026-10-14T16:42:00.000Z,payment-service,http_5xx_per_min,81.5
2026-10-14T16:42:00.000Z,payment-service,http_p99_latency_ms,10198.3
2026-10-14T16:42:00.000Z,payment-service,refund_requests_per_min,2.5
2026-10-14T16:42:00.000Z,payments-db,active_connections,14.0
2026-10-14T16:42:00.000Z,payments-db,query_p99_ms,7.6
2026-10-14T16:42:00.000Z,fraud-api,p99_latency_ms,8976.4
2026-10-14T16:42:00.000Z,checkout-service,http_5xx_per_min,52.6
2026-10-14T16:42:00.000Z,notification-service,email_failures_per_min,1.4
2026-10-14T16:43:00.000Z,payment-service,http_5xx_per_min,86.1
2026-10-14T16:43:00.000Z,payment-service,http_p99_latency_ms,10211.5
2026-10-14T16:43:00.000Z,payment-service,refund_requests_per_min,1.9
2026-10-14T16:43:00.000Z,payments-db,active_connections,12.0
2026-10-14T16:43:00.000Z,payments-db,query_p99_ms,7.1
2026-10-14T16:43:00.000Z,fraud-api,p99_latency_ms,8998.3
2026-10-14T16:43:00.000Z,checkout-service,http_5xx_per_min,48.9
2026-10-14T16:43:00.000Z,notification-service,email_failures_per_min,0.9
2026-10-14T16:44:00.000Z,payment-service,http_5xx_per_min,91.7
2026-10-14T16:44:00.000Z,payment-service,http_p99_latency_ms,10209.9
2026-10-14T16:44:00.000Z,payment-service,refund_requests_per_min,3.0
2026-10-14T16:44:00.000Z,payments-db,active_connections,11.0
2026-10-14T16:44:00.000Z,payments-db,query_p99_ms,8.2
2026-10-14T16:44:00.000Z,fraud-api,p99_latency_ms,9027.8
2026-10-14T16:44:00.000Z,checkout-service,http_5xx_per_min,51.3
2026-10-14T16:44:00.000Z,notification-service,email_failures_per_min,1.2
2026-10-14T16:45:00.000Z,payment-service,http_5xx_per_min,83.0
2026-10-14T16:45:00.000Z,payment-service,http_p99_latency_ms,10173.6
2026-10-14T16:45:00.000Z,payment-service,refund_requests_per_min,2.6
2026-10-14T16:45:00.000Z,payments-db,active_connections,11.0
2026-10-14T16:45:00.000Z,payments-db,query_p99_ms,10.7
2026-10-14T16:45:00.000Z,fraud-api,p99_latency_ms,8980.8
2026-10-14T16:45:00.000Z,checkout-service,http_5xx_per_min,47.8
2026-10-14T16:45:00.000Z,notification-service,email_failures_per_min,1.4
2026-10-14T16:46:00.000Z,payment-service,http_5xx_per_min,85.2
2026-10-14T16:46:00.000Z,payment-service,http_p99_latency_ms,10254.1
2026-10-14T16:46:00.000Z,payment-service,refund_requests_per_min,1.1
2026-10-14T16:46:00.000Z,payments-db,active_connections,11.0
2026-10-14T16:46:00.000Z,payments-db,query_p99_ms,9.8
2026-10-14T16:46:00.000Z,fraud-api,p99_latency_ms,8976.4
2026-10-14T16:46:00.000Z,checkout-service,http_5xx_per_min,49.9
2026-10-14T16:46:00.000Z,notification-service,email_failures_per_min,1.0
2026-10-14T16:47:00.000Z,payment-service,http_5xx_per_min,92.3
2026-10-14T16:47:00.000Z,payment-service,http_p99_latency_ms,10246.6
2026-10-14T16:47:00.000Z,payment-service,refund_requests_per_min,1.5
2026-10-14T16:47:00.000Z,payments-db,active_connections,11.0
2026-10-14T16:47:00.000Z,payments-db,query_p99_ms,9.5
2026-10-14T16:47:00.000Z,fraud-api,p99_latency_ms,8988.8
2026-10-14T16:47:00.000Z,checkout-service,http_5xx_per_min,52.7
2026-10-14T16:47:00.000Z,notification-service,email_failures_per_min,0.6
2026-10-14T16:48:00.000Z,payment-service,http_5xx_per_min,93.9
2026-10-14T16:48:00.000Z,payment-service,http_p99_latency_ms,10204.7
2026-10-14T16:48:00.000Z,payment-service,refund_requests_per_min,2.8
2026-10-14T16:48:00.000Z,payments-db,active_connections,14.0
2026-10-14T16:48:00.000Z,payments-db,query_p99_ms,9.0
2026-10-14T16:48:00.000Z,fraud-api,p99_latency_ms,8980.0
2026-10-14T16:48:00.000Z,checkout-service,http_5xx_per_min,47.6
2026-10-14T16:48:00.000Z,notification-service,email_failures_per_min,0.5
2026-10-14T16:49:00.000Z,payment-service,http_5xx_per_min,85.7
2026-10-14T16:49:00.000Z,payment-service,http_p99_latency_ms,10174.4
2026-10-14T16:49:00.000Z,payment-service,refund_requests_per_min,2.8
2026-10-14T16:49:00.000Z,payments-db,active_connections,11.0
2026-10-14T16:49:00.000Z,payments-db,query_p99_ms,10.5
2026-10-14T16:49:00.000Z,fraud-api,p99_latency_ms,8996.7
2026-10-14T16:49:00.000Z,checkout-service,http_5xx_per_min,47.9
2026-10-14T16:49:00.000Z,notification-service,email_failures_per_min,1.0
2026-10-14T16:50:00.000Z,payment-service,http_5xx_per_min,94.9
2026-10-14T16:50:00.000Z,payment-service,http_p99_latency_ms,10215.5
2026-10-14T16:50:00.000Z,payment-service,refund_requests_per_min,1.6
2026-10-14T16:50:00.000Z,payments-db,active_connections,13.0
2026-10-14T16:50:00.000Z,payments-db,query_p99_ms,9.1
2026-10-14T16:50:00.000Z,fraud-api,p99_latency_ms,8987.6
2026-10-14T16:50:00.000Z,checkout-service,http_5xx_per_min,51.8
2026-10-14T16:50:00.000Z,notification-service,email_failures_per_min,1.3
2026-10-14T16:51:00.000Z,payment-service,http_5xx_per_min,96.0
2026-10-14T16:51:00.000Z,payment-service,http_p99_latency_ms,10199.1
2026-10-14T16:51:00.000Z,payment-service,refund_requests_per_min,1.0
2026-10-14T16:51:00.000Z,payments-db,active_connections,10.0
2026-10-14T16:51:00.000Z,payments-db,query_p99_ms,10.0
2026-10-14T16:51:00.000Z,fraud-api,p99_latency_ms,8987.1
2026-10-14T16:51:00.000Z,checkout-service,http_5xx_per_min,48.0
2026-10-14T16:51:00.000Z,notification-service,email_failures_per_min,0.5
2026-10-14T16:52:00.000Z,payment-service,http_5xx_per_min,85.3
2026-10-14T16:52:00.000Z,payment-service,http_p99_latency_ms,10162.7
2026-10-14T16:52:00.000Z,payment-service,refund_requests_per_min,2.2
2026-10-14T16:52:00.000Z,payments-db,active_connections,14.0
2026-10-14T16:52:00.000Z,payments-db,query_p99_ms,10.6
2026-10-14T16:52:00.000Z,fraud-api,p99_latency_ms,8999.2
2026-10-14T16:52:00.000Z,checkout-service,http_5xx_per_min,48.9
2026-10-14T16:52:00.000Z,notification-service,email_failures_per_min,0.8
2026-10-14T16:53:00.000Z,payment-service,http_5xx_per_min,90.3
2026-10-14T16:53:00.000Z,payment-service,http_p99_latency_ms,10169.8
2026-10-14T16:53:00.000Z,payment-service,refund_requests_per_min,2.1
2026-10-14T16:53:00.000Z,payments-db,active_connections,14.0
2026-10-14T16:53:00.000Z,payments-db,query_p99_ms,8.1
2026-10-14T16:53:00.000Z,fraud-api,p99_latency_ms,9020.8
2026-10-14T16:53:00.000Z,checkout-service,http_5xx_per_min,50.8
2026-10-14T16:53:00.000Z,notification-service,email_failures_per_min,1.5
2026-10-14T16:54:00.000Z,payment-service,http_5xx_per_min,83.9
2026-10-14T16:54:00.000Z,payment-service,http_p99_latency_ms,10222.1
2026-10-14T16:54:00.000Z,payment-service,refund_requests_per_min,2.2
2026-10-14T16:54:00.000Z,payments-db,active_connections,13.0
2026-10-14T16:54:00.000Z,payments-db,query_p99_ms,9.5
2026-10-14T16:54:00.000Z,fraud-api,p99_latency_ms,8977.8
2026-10-14T16:54:00.000Z,checkout-service,http_5xx_per_min,50.6
2026-10-14T16:54:00.000Z,notification-service,email_failures_per_min,0.6
2026-10-14T16:55:00.000Z,payment-service,http_5xx_per_min,89.2
2026-10-14T16:55:00.000Z,payment-service,http_p99_latency_ms,10161.9
2026-10-14T16:55:00.000Z,payment-service,refund_requests_per_min,2.8
2026-10-14T16:55:00.000Z,payments-db,active_connections,11.0
2026-10-14T16:55:00.000Z,payments-db,query_p99_ms,8.1
2026-10-14T16:55:00.000Z,fraud-api,p99_latency_ms,8996.6
2026-10-14T16:55:00.000Z,checkout-service,http_5xx_per_min,49.5
2026-10-14T16:55:00.000Z,notification-service,email_failures_per_min,0.9
2026-10-14T16:56:00.000Z,payment-service,http_5xx_per_min,95.6
2026-10-14T16:56:00.000Z,payment-service,http_p99_latency_ms,10229.6
2026-10-14T16:56:00.000Z,payment-service,refund_requests_per_min,3.0
2026-10-14T16:56:00.000Z,payments-db,active_connections,10.0
2026-10-14T16:56:00.000Z,payments-db,query_p99_ms,7.6
2026-10-14T16:56:00.000Z,fraud-api,p99_latency_ms,9004.8
2026-10-14T16:56:00.000Z,checkout-service,http_5xx_per_min,50.3
2026-10-14T16:56:00.000Z,notification-service,email_failures_per_min,1.1
2026-10-14T16:57:00.000Z,payment-service,http_5xx_per_min,84.2
2026-10-14T16:57:00.000Z,payment-service,http_p99_latency_ms,10238.9
2026-10-14T16:57:00.000Z,payment-service,refund_requests_per_min,1.1
2026-10-14T16:57:00.000Z,payments-db,active_connections,10.0
2026-10-14T16:57:00.000Z,payments-db,query_p99_ms,9.2
2026-10-14T16:57:00.000Z,fraud-api,p99_latency_ms,9019.5
2026-10-14T16:57:00.000Z,checkout-service,http_5xx_per_min,47.3
2026-10-14T16:57:00.000Z,notification-service,email_failures_per_min,0.9
2026-10-14T16:58:00.000Z,payment-service,http_5xx_per_min,98.2
2026-10-14T16:58:00.000Z,payment-service,http_p99_latency_ms,10192.2
2026-10-14T16:58:00.000Z,payment-service,refund_requests_per_min,2.7
2026-10-14T16:58:00.000Z,payments-db,active_connections,14.0
2026-10-14T16:58:00.000Z,payments-db,query_p99_ms,9.0
2026-10-14T16:58:00.000Z,fraud-api,p99_latency_ms,9014.4
2026-10-14T16:58:00.000Z,checkout-service,http_5xx_per_min,49.0
2026-10-14T16:58:00.000Z,notification-service,email_failures_per_min,0.8
2026-10-14T16:59:00.000Z,payment-service,http_5xx_per_min,89.5
2026-10-14T16:59:00.000Z,payment-service,http_p99_latency_ms,10184.0
2026-10-14T16:59:00.000Z,payment-service,refund_requests_per_min,2.1
2026-10-14T16:59:00.000Z,payments-db,active_connections,12.0
2026-10-14T16:59:00.000Z,payments-db,query_p99_ms,10.1
2026-10-14T16:59:00.000Z,fraud-api,p99_latency_ms,9016.9
2026-10-14T16:59:00.000Z,checkout-service,http_5xx_per_min,51.2
2026-10-14T16:59:00.000Z,notification-service,email_failures_per_min,0.8
2026-10-14T17:00:00.000Z,payment-service,http_5xx_per_min,96.3
2026-10-14T17:00:00.000Z,payment-service,http_p99_latency_ms,10157.5
2026-10-14T17:00:00.000Z,payment-service,refund_requests_per_min,2.9
2026-10-14T17:00:00.000Z,payments-db,active_connections,11.0
2026-10-14T17:00:00.000Z,payments-db,query_p99_ms,7.7
2026-10-14T17:00:00.000Z,fraud-api,p99_latency_ms,8975.7
2026-10-14T17:00:00.000Z,checkout-service,http_5xx_per_min,51.5
2026-10-14T17:00:00.000Z,notification-service,email_failures_per_min,1.1
2026-10-14T17:01:00.000Z,payment-service,http_5xx_per_min,85.1
2026-10-14T17:01:00.000Z,payment-service,http_p99_latency_ms,10228.1
2026-10-14T17:01:00.000Z,payment-service,refund_requests_per_min,1.0
2026-10-14T17:01:00.000Z,payments-db,active_connections,13.0
2026-10-14T17:01:00.000Z,payments-db,query_p99_ms,9.7
2026-10-14T17:01:00.000Z,fraud-api,p99_latency_ms,9017.0
2026-10-14T17:01:00.000Z,checkout-service,http_5xx_per_min,50.7
2026-10-14T17:01:00.000Z,notification-service,email_failures_per_min,0.5
2026-10-14T17:02:00.000Z,payment-service,http_5xx_per_min,82.2
2026-10-14T17:02:00.000Z,payment-service,http_p99_latency_ms,10231.6
2026-10-14T17:02:00.000Z,payment-service,refund_requests_per_min,1.9
2026-10-14T17:02:00.000Z,payments-db,active_connections,13.0
2026-10-14T17:02:00.000Z,payments-db,query_p99_ms,10.7
2026-10-14T17:02:00.000Z,fraud-api,p99_latency_ms,8993.8
2026-10-14T17:02:00.000Z,checkout-service,http_5xx_per_min,52.2
2026-10-14T17:02:00.000Z,notification-service,email_failures_per_min,0.8
2026-10-14T17:03:00.000Z,payment-service,http_5xx_per_min,88.0
2026-10-14T17:03:00.000Z,payment-service,http_p99_latency_ms,10204.5
2026-10-14T17:03:00.000Z,payment-service,refund_requests_per_min,1.2
2026-10-14T17:03:00.000Z,payments-db,active_connections,13.0
2026-10-14T17:03:00.000Z,payments-db,query_p99_ms,8.5
2026-10-14T17:03:00.000Z,fraud-api,p99_latency_ms,9026.8
2026-10-14T17:03:00.000Z,checkout-service,http_5xx_per_min,52.8
2026-10-14T17:03:00.000Z,notification-service,email_failures_per_min,1.3
2026-10-14T17:04:00.000Z,payment-service,http_5xx_per_min,83.7
2026-10-14T17:04:00.000Z,payment-service,http_p99_latency_ms,10229.3
2026-10-14T17:04:00.000Z,payment-service,refund_requests_per_min,2.1
2026-10-14T17:04:00.000Z,payments-db,active_connections,11.0
2026-10-14T17:04:00.000Z,payments-db,query_p99_ms,8.8
2026-10-14T17:04:00.000Z,fraud-api,p99_latency_ms,9024.6
2026-10-14T17:04:00.000Z,checkout-service,http_5xx_per_min,48.3
2026-10-14T17:04:00.000Z,notification-service,email_failures_per_min,1.0
2026-10-14T17:05:00.000Z,payment-service,http_5xx_per_min,84.0
2026-10-14T17:05:00.000Z,payment-service,http_p99_latency_ms,10154.8
2026-10-14T17:05:00.000Z,payment-service,refund_requests_per_min,2.0
2026-10-14T17:05:00.000Z,payments-db,active_connections,13.0
2026-10-14T17:05:00.000Z,payments-db,query_p99_ms,10.3
2026-10-14T17:05:00.000Z,fraud-api,p99_latency_ms,9022.8
2026-10-14T17:05:00.000Z,checkout-service,http_5xx_per_min,51.9
2026-10-14T17:05:00.000Z,notification-service,email_failures_per_min,1.1
2026-10-14T17:06:00.000Z,payment-service,http_5xx_per_min,95.0
2026-10-14T17:06:00.000Z,payment-service,http_p99_latency_ms,10184.4
2026-10-14T17:06:00.000Z,payment-service,refund_requests_per_min,2.5
2026-10-14T17:06:00.000Z,payments-db,active_connections,11.0
2026-10-14T17:06:00.000Z,payments-db,query_p99_ms,8.1
2026-10-14T17:06:00.000Z,fraud-api,p99_latency_ms,9004.7
2026-10-14T17:06:00.000Z,checkout-service,http_5xx_per_min,52.1
2026-10-14T17:06:00.000Z,notification-service,email_failures_per_min,1.0
2026-10-14T17:07:00.000Z,payment-service,http_5xx_per_min,89.5
2026-10-14T17:07:00.000Z,payment-service,http_p99_latency_ms,10202.6
2026-10-14T17:07:00.000Z,payment-service,refund_requests_per_min,2.0
2026-10-14T17:07:00.000Z,payments-db,active_connections,12.0
2026-10-14T17:07:00.000Z,payments-db,query_p99_ms,9.0
2026-10-14T17:07:00.000Z,fraud-api,p99_latency_ms,8999.2
2026-10-14T17:07:00.000Z,checkout-service,http_5xx_per_min,51.4
2026-10-14T17:07:00.000Z,notification-service,email_failures_per_min,1.1
2026-10-14T17:08:00.000Z,payment-service,http_5xx_per_min,84.1
2026-10-14T17:08:00.000Z,payment-service,http_p99_latency_ms,10257.2
2026-10-14T17:08:00.000Z,payment-service,refund_requests_per_min,2.8
2026-10-14T17:08:00.000Z,payments-db,active_connections,13.0
2026-10-14T17:08:00.000Z,payments-db,query_p99_ms,10.0
2026-10-14T17:08:00.000Z,fraud-api,p99_latency_ms,9022.2
2026-10-14T17:08:00.000Z,checkout-service,http_5xx_per_min,49.8
2026-10-14T17:08:00.000Z,notification-service,email_failures_per_min,1.3
2026-10-21T08:03:00.000Z,payment-service,http_5xx_per_min,22.8
2026-10-21T08:03:00.000Z,payment-service,http_p99_latency_ms,244.9
2026-10-21T08:03:00.000Z,payment-service,refund_requests_per_min,2.5
2026-10-21T08:03:00.000Z,payments-db,active_connections,10.0
2026-10-21T08:03:00.000Z,payments-db,query_p99_ms,9.3
2026-10-21T08:03:00.000Z,fraud-api,p99_latency_ms,128.0
2026-10-21T08:03:00.000Z,checkout-service,http_5xx_per_min,3.7
2026-10-21T08:03:00.000Z,notification-service,email_failures_per_min,0.5
2026-10-21T08:04:00.000Z,payment-service,http_5xx_per_min,27.8
2026-10-21T08:04:00.000Z,payment-service,http_p99_latency_ms,236.5
2026-10-21T08:04:00.000Z,payment-service,refund_requests_per_min,2.6
2026-10-21T08:04:00.000Z,payments-db,active_connections,13.0
2026-10-21T08:04:00.000Z,payments-db,query_p99_ms,8.7
2026-10-21T08:04:00.000Z,fraud-api,p99_latency_ms,129.6
2026-10-21T08:04:00.000Z,checkout-service,http_5xx_per_min,4.9
2026-10-21T08:04:00.000Z,notification-service,email_failures_per_min,0.6
2026-10-21T08:05:00.000Z,payment-service,http_5xx_per_min,22.2
2026-10-21T08:05:00.000Z,payment-service,http_p99_latency_ms,256.5
2026-10-21T08:05:00.000Z,payment-service,refund_requests_per_min,1.9
2026-10-21T08:05:00.000Z,payments-db,active_connections,10.0
2026-10-21T08:05:00.000Z,payments-db,query_p99_ms,10.8
2026-10-21T08:05:00.000Z,fraud-api,p99_latency_ms,124.5
2026-10-21T08:05:00.000Z,checkout-service,http_5xx_per_min,4.6
2026-10-21T08:05:00.000Z,notification-service,email_failures_per_min,0.7
2026-10-21T08:06:00.000Z,payment-service,http_5xx_per_min,25.5
2026-10-21T08:06:00.000Z,payment-service,http_p99_latency_ms,228.8
2026-10-21T08:06:00.000Z,payment-service,refund_requests_per_min,2.8
2026-10-21T08:06:00.000Z,payments-db,active_connections,12.0
2026-10-21T08:06:00.000Z,payments-db,query_p99_ms,9.6
2026-10-21T08:06:00.000Z,fraud-api,p99_latency_ms,119.0
2026-10-21T08:06:00.000Z,checkout-service,http_5xx_per_min,5.0
2026-10-21T08:06:00.000Z,notification-service,email_failures_per_min,1.4
2026-10-21T08:07:00.000Z,payment-service,http_5xx_per_min,25.0
2026-10-21T08:07:00.000Z,payment-service,http_p99_latency_ms,256.9
2026-10-21T08:07:00.000Z,payment-service,refund_requests_per_min,1.7
2026-10-21T08:07:00.000Z,payments-db,active_connections,13.0
2026-10-21T08:07:00.000Z,payments-db,query_p99_ms,7.4
2026-10-21T08:07:00.000Z,fraud-api,p99_latency_ms,113.4
2026-10-21T08:07:00.000Z,checkout-service,http_5xx_per_min,3.3
2026-10-21T08:07:00.000Z,notification-service,email_failures_per_min,0.9
2026-10-21T08:08:00.000Z,payment-service,http_5xx_per_min,24.2
2026-10-21T08:08:00.000Z,payment-service,http_p99_latency_ms,225.3
2026-10-21T08:08:00.000Z,payment-service,refund_requests_per_min,2.7
2026-10-21T08:08:00.000Z,payments-db,active_connections,12.0
2026-10-21T08:08:00.000Z,payments-db,query_p99_ms,7.1
2026-10-21T08:08:00.000Z,fraud-api,p99_latency_ms,125.5
2026-10-21T08:08:00.000Z,checkout-service,http_5xx_per_min,3.9
2026-10-21T08:08:00.000Z,notification-service,email_failures_per_min,0.6
2026-10-21T08:09:00.000Z,payment-service,http_5xx_per_min,22.8
2026-10-21T08:09:00.000Z,payment-service,http_p99_latency_ms,237.5
2026-10-21T08:09:00.000Z,payment-service,refund_requests_per_min,2.3
2026-10-21T08:09:00.000Z,payments-db,active_connections,12.0
2026-10-21T08:09:00.000Z,payments-db,query_p99_ms,10.9
2026-10-21T08:09:00.000Z,fraud-api,p99_latency_ms,121.9
2026-10-21T08:09:00.000Z,checkout-service,http_5xx_per_min,4.5
2026-10-21T08:09:00.000Z,notification-service,email_failures_per_min,0.8
2026-10-21T08:10:00.000Z,payment-service,http_5xx_per_min,25.2
2026-10-21T08:10:00.000Z,payment-service,http_p99_latency_ms,224.9
2026-10-21T08:10:00.000Z,payment-service,refund_requests_per_min,1.6
2026-10-21T08:10:00.000Z,payments-db,active_connections,10.0
2026-10-21T08:10:00.000Z,payments-db,query_p99_ms,10.1
2026-10-21T08:10:00.000Z,fraud-api,p99_latency_ms,126.2
2026-10-21T08:10:00.000Z,checkout-service,http_5xx_per_min,3.8
2026-10-21T08:10:00.000Z,notification-service,email_failures_per_min,1.0
2026-10-21T08:11:00.000Z,payment-service,http_5xx_per_min,27.1
2026-10-21T08:11:00.000Z,payment-service,http_p99_latency_ms,240.3
2026-10-21T08:11:00.000Z,payment-service,refund_requests_per_min,2.1
2026-10-21T08:11:00.000Z,payments-db,active_connections,14.0
2026-10-21T08:11:00.000Z,payments-db,query_p99_ms,10.4
2026-10-21T08:11:00.000Z,fraud-api,p99_latency_ms,114.7
2026-10-21T08:11:00.000Z,checkout-service,http_5xx_per_min,3.3
2026-10-21T08:11:00.000Z,notification-service,email_failures_per_min,0.9
2026-10-21T08:12:00.000Z,payment-service,http_5xx_per_min,24.1
2026-10-21T08:12:00.000Z,payment-service,http_p99_latency_ms,244.2
2026-10-21T08:12:00.000Z,payment-service,refund_requests_per_min,2.1
2026-10-21T08:12:00.000Z,payments-db,active_connections,12.0
2026-10-21T08:12:00.000Z,payments-db,query_p99_ms,7.8
2026-10-21T08:12:00.000Z,fraud-api,p99_latency_ms,114.2
2026-10-21T08:12:00.000Z,checkout-service,http_5xx_per_min,4.4
2026-10-21T08:12:00.000Z,notification-service,email_failures_per_min,1.4
2026-10-21T08:13:00.000Z,payment-service,http_5xx_per_min,27.3
2026-10-21T08:13:00.000Z,payment-service,http_p99_latency_ms,240.5
2026-10-21T08:13:00.000Z,payment-service,refund_requests_per_min,1.8
2026-10-21T08:13:00.000Z,payments-db,active_connections,13.0
2026-10-21T08:13:00.000Z,payments-db,query_p99_ms,8.1
2026-10-21T08:13:00.000Z,fraud-api,p99_latency_ms,114.1
2026-10-21T08:13:00.000Z,checkout-service,http_5xx_per_min,3.8
2026-10-21T08:13:00.000Z,notification-service,email_failures_per_min,0.7
2026-10-21T08:14:00.000Z,payment-service,http_5xx_per_min,22.9
2026-10-21T08:14:00.000Z,payment-service,http_p99_latency_ms,225.5
2026-10-21T08:14:00.000Z,payment-service,refund_requests_per_min,2.7
2026-10-21T08:14:00.000Z,payments-db,active_connections,13.0
2026-10-21T08:14:00.000Z,payments-db,query_p99_ms,9.8
2026-10-21T08:14:00.000Z,fraud-api,p99_latency_ms,110.2
2026-10-21T08:14:00.000Z,checkout-service,http_5xx_per_min,5.0
2026-10-21T08:14:00.000Z,notification-service,email_failures_per_min,1.0
2026-10-21T08:15:00.000Z,payment-service,http_5xx_per_min,27.7
2026-10-21T08:15:00.000Z,payment-service,http_p99_latency_ms,250.4
2026-10-21T08:15:00.000Z,payment-service,refund_requests_per_min,1.9
2026-10-21T08:15:00.000Z,payments-db,active_connections,13.0
2026-10-21T08:15:00.000Z,payments-db,query_p99_ms,9.1
2026-10-21T08:15:00.000Z,fraud-api,p99_latency_ms,129.6
2026-10-21T08:15:00.000Z,checkout-service,http_5xx_per_min,3.4
2026-10-21T08:15:00.000Z,notification-service,email_failures_per_min,0.7
2026-10-21T08:16:00.000Z,payment-service,http_5xx_per_min,27.4
2026-10-21T08:16:00.000Z,payment-service,http_p99_latency_ms,222.0
2026-10-21T08:16:00.000Z,payment-service,refund_requests_per_min,1.3
2026-10-21T08:16:00.000Z,payments-db,active_connections,10.0
2026-10-21T08:16:00.000Z,payments-db,query_p99_ms,7.2
2026-10-21T08:16:00.000Z,fraud-api,p99_latency_ms,121.3
2026-10-21T08:16:00.000Z,checkout-service,http_5xx_per_min,4.7
2026-10-21T08:16:00.000Z,notification-service,email_failures_per_min,0.7
2026-10-21T08:17:00.000Z,payment-service,http_5xx_per_min,24.5
2026-10-21T08:17:00.000Z,payment-service,http_p99_latency_ms,257.4
2026-10-21T08:17:00.000Z,payment-service,refund_requests_per_min,1.5
2026-10-21T08:17:00.000Z,payments-db,active_connections,13.0
2026-10-21T08:17:00.000Z,payments-db,query_p99_ms,9.1
2026-10-21T08:17:00.000Z,fraud-api,p99_latency_ms,121.9
2026-10-21T08:17:00.000Z,checkout-service,http_5xx_per_min,4.8
2026-10-21T08:17:00.000Z,notification-service,email_failures_per_min,1.0
2026-10-21T08:18:00.000Z,payment-service,http_5xx_per_min,27.5
2026-10-21T08:18:00.000Z,payment-service,http_p99_latency_ms,238.5
2026-10-21T08:18:00.000Z,payment-service,refund_requests_per_min,2.7
2026-10-21T08:18:00.000Z,payments-db,active_connections,11.0
2026-10-21T08:18:00.000Z,payments-db,query_p99_ms,9.1
2026-10-21T08:18:00.000Z,fraud-api,p99_latency_ms,113.6
2026-10-21T08:18:00.000Z,checkout-service,http_5xx_per_min,4.2
2026-10-21T08:18:00.000Z,notification-service,email_failures_per_min,1.0
2026-10-21T08:19:00.000Z,payment-service,http_5xx_per_min,25.7
2026-10-21T08:19:00.000Z,payment-service,http_p99_latency_ms,236.2
2026-10-21T08:19:00.000Z,payment-service,refund_requests_per_min,2.0
2026-10-21T08:19:00.000Z,payments-db,active_connections,13.0
2026-10-21T08:19:00.000Z,payments-db,query_p99_ms,9.5
2026-10-21T08:19:00.000Z,fraud-api,p99_latency_ms,120.7
2026-10-21T08:19:00.000Z,checkout-service,http_5xx_per_min,4.0
2026-10-21T08:19:00.000Z,notification-service,email_failures_per_min,1.0
2026-10-21T08:20:00.000Z,payment-service,http_5xx_per_min,23.1
2026-10-21T08:20:00.000Z,payment-service,http_p99_latency_ms,225.7
2026-10-21T08:20:00.000Z,payment-service,refund_requests_per_min,2.7
2026-10-21T08:20:00.000Z,payments-db,active_connections,10.0
2026-10-21T08:20:00.000Z,payments-db,query_p99_ms,7.2
2026-10-21T08:20:00.000Z,fraud-api,p99_latency_ms,117.9
2026-10-21T08:20:00.000Z,checkout-service,http_5xx_per_min,4.1
2026-10-21T08:20:00.000Z,notification-service,email_failures_per_min,1.1
2026-10-21T08:21:00.000Z,payment-service,http_5xx_per_min,25.9
2026-10-21T08:21:00.000Z,payment-service,http_p99_latency_ms,251.5
2026-10-21T08:21:00.000Z,payment-service,refund_requests_per_min,1.1
2026-10-21T08:21:00.000Z,payments-db,active_connections,12.0
2026-10-21T08:21:00.000Z,payments-db,query_p99_ms,9.2
2026-10-21T08:21:00.000Z,fraud-api,p99_latency_ms,128.9
2026-10-21T08:21:00.000Z,checkout-service,http_5xx_per_min,4.9
2026-10-21T08:21:00.000Z,notification-service,email_failures_per_min,1.5
2026-10-21T08:22:00.000Z,payment-service,http_5xx_per_min,27.2
2026-10-21T08:22:00.000Z,payment-service,http_p99_latency_ms,252.3
2026-10-21T08:22:00.000Z,payment-service,refund_requests_per_min,2.8
2026-10-21T08:22:00.000Z,payments-db,active_connections,11.0
2026-10-21T08:22:00.000Z,payments-db,query_p99_ms,7.2
2026-10-21T08:22:00.000Z,fraud-api,p99_latency_ms,129.9
2026-10-21T08:22:00.000Z,checkout-service,http_5xx_per_min,4.6
2026-10-21T08:22:00.000Z,notification-service,email_failures_per_min,0.7
2026-10-21T08:23:00.000Z,payment-service,http_5xx_per_min,25.1
2026-10-21T08:23:00.000Z,payment-service,http_p99_latency_ms,241.9
2026-10-21T08:23:00.000Z,payment-service,refund_requests_per_min,2.4
2026-10-21T08:23:00.000Z,payments-db,active_connections,11.0
2026-10-21T08:23:00.000Z,payments-db,query_p99_ms,10.4
2026-10-21T08:23:00.000Z,fraud-api,p99_latency_ms,120.4
2026-10-21T08:23:00.000Z,checkout-service,http_5xx_per_min,4.2
2026-10-21T08:23:00.000Z,notification-service,email_failures_per_min,1.4
2026-10-21T08:24:00.000Z,payment-service,http_5xx_per_min,23.3
2026-10-21T08:24:00.000Z,payment-service,http_p99_latency_ms,241.1
2026-10-21T08:24:00.000Z,payment-service,refund_requests_per_min,2.8
2026-10-21T08:24:00.000Z,payments-db,active_connections,10.0
2026-10-21T08:24:00.000Z,payments-db,query_p99_ms,10.0
2026-10-21T08:24:00.000Z,fraud-api,p99_latency_ms,122.0
2026-10-21T08:24:00.000Z,checkout-service,http_5xx_per_min,4.5
2026-10-21T08:24:00.000Z,notification-service,email_failures_per_min,1.1
2026-10-21T08:25:00.000Z,payment-service,http_5xx_per_min,23.6
2026-10-21T08:25:00.000Z,payment-service,http_p99_latency_ms,241.7
2026-10-21T08:25:00.000Z,payment-service,refund_requests_per_min,2.0
2026-10-21T08:25:00.000Z,payments-db,active_connections,14.0
2026-10-21T08:25:00.000Z,payments-db,query_p99_ms,7.5
2026-10-21T08:25:00.000Z,fraud-api,p99_latency_ms,129.1
2026-10-21T08:25:00.000Z,checkout-service,http_5xx_per_min,3.4
2026-10-21T08:25:00.000Z,notification-service,email_failures_per_min,0.7
2026-10-21T08:26:00.000Z,payment-service,http_5xx_per_min,25.1
2026-10-21T08:26:00.000Z,payment-service,http_p99_latency_ms,236.2
2026-10-21T08:26:00.000Z,payment-service,refund_requests_per_min,2.7
2026-10-21T08:26:00.000Z,payments-db,active_connections,10.0
2026-10-21T08:26:00.000Z,payments-db,query_p99_ms,8.1
2026-10-21T08:26:00.000Z,fraud-api,p99_latency_ms,120.4
2026-10-21T08:26:00.000Z,checkout-service,http_5xx_per_min,4.8
2026-10-21T08:26:00.000Z,notification-service,email_failures_per_min,0.5
2026-10-21T08:27:00.000Z,payment-service,http_5xx_per_min,25.6
2026-10-21T08:27:00.000Z,payment-service,http_p99_latency_ms,231.3
2026-10-21T08:27:00.000Z,payment-service,refund_requests_per_min,1.4
2026-10-21T08:27:00.000Z,payments-db,active_connections,10.0
2026-10-21T08:27:00.000Z,payments-db,query_p99_ms,8.9
2026-10-21T08:27:00.000Z,fraud-api,p99_latency_ms,120.3
2026-10-21T08:27:00.000Z,checkout-service,http_5xx_per_min,3.5
2026-10-21T08:27:00.000Z,notification-service,email_failures_per_min,0.8
2026-10-21T08:28:00.000Z,payment-service,http_5xx_per_min,22.1
2026-10-21T08:28:00.000Z,payment-service,http_p99_latency_ms,237.4
2026-10-21T08:28:00.000Z,payment-service,refund_requests_per_min,2.7
2026-10-21T08:28:00.000Z,payments-db,active_connections,14.0
2026-10-21T08:28:00.000Z,payments-db,query_p99_ms,9.8
2026-10-21T08:28:00.000Z,fraud-api,p99_latency_ms,117.5
2026-10-21T08:28:00.000Z,checkout-service,http_5xx_per_min,4.1
2026-10-21T08:28:00.000Z,notification-service,email_failures_per_min,0.8
2026-10-21T08:29:00.000Z,payment-service,http_5xx_per_min,27.0
2026-10-21T08:29:00.000Z,payment-service,http_p99_latency_ms,249.0
2026-10-21T08:29:00.000Z,payment-service,refund_requests_per_min,1.9
2026-10-21T08:29:00.000Z,payments-db,active_connections,10.0
2026-10-21T08:29:00.000Z,payments-db,query_p99_ms,7.4
2026-10-21T08:29:00.000Z,fraud-api,p99_latency_ms,117.2
2026-10-21T08:29:00.000Z,checkout-service,http_5xx_per_min,3.7
2026-10-21T08:29:00.000Z,notification-service,email_failures_per_min,1.2
2026-10-21T08:30:00.000Z,payment-service,http_5xx_per_min,25.2
2026-10-21T08:30:00.000Z,payment-service,http_p99_latency_ms,237.2
2026-10-21T08:30:00.000Z,payment-service,refund_requests_per_min,1.6
2026-10-21T08:30:00.000Z,payments-db,active_connections,12.0
2026-10-21T08:30:00.000Z,payments-db,query_p99_ms,7.3
2026-10-21T08:30:00.000Z,fraud-api,p99_latency_ms,122.4
2026-10-21T08:30:00.000Z,checkout-service,http_5xx_per_min,3.7
2026-10-21T08:30:00.000Z,notification-service,email_failures_per_min,0.5
2026-10-21T08:31:00.000Z,payment-service,http_5xx_per_min,22.8
2026-10-21T08:31:00.000Z,payment-service,http_p99_latency_ms,238.8
2026-10-21T08:31:00.000Z,payment-service,refund_requests_per_min,1.6
2026-10-21T08:31:00.000Z,payments-db,active_connections,14.0
2026-10-21T08:31:00.000Z,payments-db,query_p99_ms,10.5
2026-10-21T08:31:00.000Z,fraud-api,p99_latency_ms,124.1
2026-10-21T08:31:00.000Z,checkout-service,http_5xx_per_min,4.9
2026-10-21T08:31:00.000Z,notification-service,email_failures_per_min,1.0
2026-10-21T08:32:00.000Z,payment-service,http_5xx_per_min,25.5
2026-10-21T08:32:00.000Z,payment-service,http_p99_latency_ms,258.5
2026-10-21T08:32:00.000Z,payment-service,refund_requests_per_min,2.0
2026-10-21T08:32:00.000Z,payments-db,active_connections,13.0
2026-10-21T08:32:00.000Z,payments-db,query_p99_ms,9.2
2026-10-21T08:32:00.000Z,fraud-api,p99_latency_ms,121.2
2026-10-21T08:32:00.000Z,checkout-service,http_5xx_per_min,4.7
2026-10-21T08:32:00.000Z,notification-service,email_failures_per_min,0.7
2026-10-21T08:33:00.000Z,payment-service,http_5xx_per_min,25.2
2026-10-21T08:33:00.000Z,payment-service,http_p99_latency_ms,252.2
2026-10-21T08:33:00.000Z,payment-service,refund_requests_per_min,1.1
2026-10-21T08:33:00.000Z,payments-db,active_connections,10.0
2026-10-21T08:33:00.000Z,payments-db,query_p99_ms,9.5
2026-10-21T08:33:00.000Z,fraud-api,p99_latency_ms,117.6
2026-10-21T08:33:00.000Z,checkout-service,http_5xx_per_min,4.7
2026-10-21T08:33:00.000Z,notification-service,email_failures_per_min,0.8
2026-10-21T08:34:00.000Z,payment-service,http_5xx_per_min,26.9
2026-10-21T08:34:00.000Z,payment-service,http_p99_latency_ms,240.2
2026-10-21T08:34:00.000Z,payment-service,refund_requests_per_min,1.4
2026-10-21T08:34:00.000Z,payments-db,active_connections,11.0
2026-10-21T08:34:00.000Z,payments-db,query_p99_ms,9.3
2026-10-21T08:34:00.000Z,fraud-api,p99_latency_ms,119.3
2026-10-21T08:34:00.000Z,checkout-service,http_5xx_per_min,3.7
2026-10-21T08:34:00.000Z,notification-service,email_failures_per_min,1.4
2026-10-21T08:35:00.000Z,payment-service,http_5xx_per_min,23.4
2026-10-21T08:35:00.000Z,payment-service,http_p99_latency_ms,250.9
2026-10-21T08:35:00.000Z,payment-service,refund_requests_per_min,1.6
2026-10-21T08:35:00.000Z,payments-db,active_connections,11.0
2026-10-21T08:35:00.000Z,payments-db,query_p99_ms,7.3
2026-10-21T08:35:00.000Z,fraud-api,p99_latency_ms,127.4
2026-10-21T08:35:00.000Z,checkout-service,http_5xx_per_min,3.1
2026-10-21T08:35:00.000Z,notification-service,email_failures_per_min,1.5
2026-10-21T08:36:00.000Z,payment-service,http_5xx_per_min,24.2
2026-10-21T08:36:00.000Z,payment-service,http_p99_latency_ms,255.9
2026-10-21T08:36:00.000Z,payment-service,refund_requests_per_min,2.1
2026-10-21T08:36:00.000Z,payments-db,active_connections,11.0
2026-10-21T08:36:00.000Z,payments-db,query_p99_ms,7.1
2026-10-21T08:36:00.000Z,fraud-api,p99_latency_ms,116.9
2026-10-21T08:36:00.000Z,checkout-service,http_5xx_per_min,4.2
2026-10-21T08:36:00.000Z,notification-service,email_failures_per_min,1.2
2026-10-21T08:37:00.000Z,payment-service,http_5xx_per_min,24.8
2026-10-21T08:37:00.000Z,payment-service,http_p99_latency_ms,231.4
2026-10-21T08:37:00.000Z,payment-service,refund_requests_per_min,1.1
2026-10-21T08:37:00.000Z,payments-db,active_connections,14.0
2026-10-21T08:37:00.000Z,payments-db,query_p99_ms,10.9
2026-10-21T08:37:00.000Z,fraud-api,p99_latency_ms,111.9
2026-10-21T08:37:00.000Z,checkout-service,http_5xx_per_min,4.8
2026-10-21T08:37:00.000Z,notification-service,email_failures_per_min,1.4
2026-10-21T08:38:00.000Z,payment-service,http_5xx_per_min,23.4
2026-10-21T08:38:00.000Z,payment-service,http_p99_latency_ms,228.2
2026-10-21T08:38:00.000Z,payment-service,refund_requests_per_min,1.7
2026-10-21T08:38:00.000Z,payments-db,active_connections,12.0
2026-10-21T08:38:00.000Z,payments-db,query_p99_ms,7.1
2026-10-21T08:38:00.000Z,fraud-api,p99_latency_ms,126.3
2026-10-21T08:38:00.000Z,checkout-service,http_5xx_per_min,3.4
2026-10-21T08:38:00.000Z,notification-service,email_failures_per_min,1.1
2026-10-21T08:39:00.000Z,payment-service,http_5xx_per_min,24.3
2026-10-21T08:39:00.000Z,payment-service,http_p99_latency_ms,233.8
2026-10-21T08:39:00.000Z,payment-service,refund_requests_per_min,1.2
2026-10-21T08:39:00.000Z,payments-db,active_connections,11.0
2026-10-21T08:39:00.000Z,payments-db,query_p99_ms,7.1
2026-10-21T08:39:00.000Z,fraud-api,p99_latency_ms,127.8
2026-10-21T08:39:00.000Z,checkout-service,http_5xx_per_min,3.8
2026-10-21T08:39:00.000Z,notification-service,email_failures_per_min,1.2
2026-10-21T08:40:00.000Z,payment-service,http_5xx_per_min,26.8
2026-10-21T08:40:00.000Z,payment-service,http_p99_latency_ms,255.9
2026-10-21T08:40:00.000Z,payment-service,refund_requests_per_min,1.8
2026-10-21T08:40:00.000Z,payments-db,active_connections,13.0
2026-10-21T08:40:00.000Z,payments-db,query_p99_ms,8.5
2026-10-21T08:40:00.000Z,fraud-api,p99_latency_ms,128.7
2026-10-21T08:40:00.000Z,checkout-service,http_5xx_per_min,4.7
2026-10-21T08:40:00.000Z,notification-service,email_failures_per_min,0.9
2026-10-21T08:41:00.000Z,payment-service,http_5xx_per_min,24.3
2026-10-21T08:41:00.000Z,payment-service,http_p99_latency_ms,222.4
2026-10-21T08:41:00.000Z,payment-service,refund_requests_per_min,2.2
2026-10-21T08:41:00.000Z,payments-db,active_connections,12.0
2026-10-21T08:41:00.000Z,payments-db,query_p99_ms,8.0
2026-10-21T08:41:00.000Z,fraud-api,p99_latency_ms,122.4
2026-10-21T08:41:00.000Z,checkout-service,http_5xx_per_min,3.4
2026-10-21T08:41:00.000Z,notification-service,email_failures_per_min,1.1
2026-10-21T08:42:00.000Z,payment-service,http_5xx_per_min,25.3
2026-10-21T08:42:00.000Z,payment-service,http_p99_latency_ms,258.5
2026-10-21T08:42:00.000Z,payment-service,refund_requests_per_min,2.7
2026-10-21T08:42:00.000Z,payments-db,active_connections,12.0
2026-10-21T08:42:00.000Z,payments-db,query_p99_ms,10.5
2026-10-21T08:42:00.000Z,fraud-api,p99_latency_ms,114.9
2026-10-21T08:42:00.000Z,checkout-service,http_5xx_per_min,3.9
2026-10-21T08:42:00.000Z,notification-service,email_failures_per_min,1.1
2026-10-21T08:43:00.000Z,payment-service,http_5xx_per_min,26.3
2026-10-21T08:43:00.000Z,payment-service,http_p99_latency_ms,259.9
2026-10-21T08:43:00.000Z,payment-service,refund_requests_per_min,2.3
2026-10-21T08:43:00.000Z,payments-db,active_connections,13.0
2026-10-21T08:43:00.000Z,payments-db,query_p99_ms,7.7
2026-10-21T08:43:00.000Z,fraud-api,p99_latency_ms,122.2
2026-10-21T08:43:00.000Z,checkout-service,http_5xx_per_min,4.7
2026-10-21T08:43:00.000Z,notification-service,email_failures_per_min,1.2
2026-10-21T08:44:00.000Z,payment-service,http_5xx_per_min,22.6
2026-10-21T08:44:00.000Z,payment-service,http_p99_latency_ms,238.2
2026-10-21T08:44:00.000Z,payment-service,refund_requests_per_min,1.1
2026-10-21T08:44:00.000Z,payments-db,active_connections,10.0
2026-10-21T08:44:00.000Z,payments-db,query_p99_ms,7.9
2026-10-21T08:44:00.000Z,fraud-api,p99_latency_ms,113.6
2026-10-21T08:44:00.000Z,checkout-service,http_5xx_per_min,4.1
2026-10-21T08:44:00.000Z,notification-service,email_failures_per_min,1.4
2026-10-21T08:45:00.000Z,payment-service,http_5xx_per_min,22.3
2026-10-21T08:45:00.000Z,payment-service,http_p99_latency_ms,246.0
2026-10-21T08:45:00.000Z,payment-service,refund_requests_per_min,2.2
2026-10-21T08:45:00.000Z,payments-db,active_connections,11.0
2026-10-21T08:45:00.000Z,payments-db,query_p99_ms,8.2
2026-10-21T08:45:00.000Z,fraud-api,p99_latency_ms,129.6
2026-10-21T08:45:00.000Z,checkout-service,http_5xx_per_min,4.9
2026-10-21T08:45:00.000Z,notification-service,email_failures_per_min,0.5
2026-10-21T08:46:00.000Z,payment-service,http_5xx_per_min,23.9
2026-10-21T08:46:00.000Z,payment-service,http_p99_latency_ms,242.5
2026-10-21T08:46:00.000Z,payment-service,refund_requests_per_min,1.2
2026-10-21T08:46:00.000Z,payments-db,active_connections,12.0
2026-10-21T08:46:00.000Z,payments-db,query_p99_ms,10.6
2026-10-21T08:46:00.000Z,fraud-api,p99_latency_ms,120.1
2026-10-21T08:46:00.000Z,checkout-service,http_5xx_per_min,3.4
2026-10-21T08:46:00.000Z,notification-service,email_failures_per_min,0.9
2026-10-21T08:47:00.000Z,payment-service,http_5xx_per_min,24.5
2026-10-21T08:47:00.000Z,payment-service,http_p99_latency_ms,223.0
2026-10-21T08:47:00.000Z,payment-service,refund_requests_per_min,3.0
2026-10-21T08:47:00.000Z,payments-db,active_connections,10.0
2026-10-21T08:47:00.000Z,payments-db,query_p99_ms,7.3
2026-10-21T08:47:00.000Z,fraud-api,p99_latency_ms,121.5
2026-10-21T08:47:00.000Z,checkout-service,http_5xx_per_min,4.3
2026-10-21T08:47:00.000Z,notification-service,email_failures_per_min,1.4
2026-10-21T08:48:00.000Z,payment-service,http_5xx_per_min,27.1
2026-10-21T08:48:00.000Z,payment-service,http_p99_latency_ms,250.1
2026-10-21T08:48:00.000Z,payment-service,refund_requests_per_min,2.3
2026-10-21T08:48:00.000Z,payments-db,active_connections,12.0
2026-10-21T08:48:00.000Z,payments-db,query_p99_ms,7.4
2026-10-21T08:48:00.000Z,fraud-api,p99_latency_ms,123.3
2026-10-21T08:48:00.000Z,checkout-service,http_5xx_per_min,3.8
2026-10-21T08:48:00.000Z,notification-service,email_failures_per_min,0.6
2026-10-21T08:49:00.000Z,payment-service,http_5xx_per_min,24.1
2026-10-21T08:49:00.000Z,payment-service,http_p99_latency_ms,259.1
2026-10-21T08:49:00.000Z,payment-service,refund_requests_per_min,1.3
2026-10-21T08:49:00.000Z,payments-db,active_connections,11.0
2026-10-21T08:49:00.000Z,payments-db,query_p99_ms,8.7
2026-10-21T08:49:00.000Z,fraud-api,p99_latency_ms,119.3
2026-10-21T08:49:00.000Z,checkout-service,http_5xx_per_min,3.5
2026-10-21T08:49:00.000Z,notification-service,email_failures_per_min,0.9
2026-10-21T08:50:00.000Z,payment-service,http_5xx_per_min,25.2
2026-10-21T08:50:00.000Z,payment-service,http_p99_latency_ms,241.3
2026-10-21T08:50:00.000Z,payment-service,refund_requests_per_min,2.7
2026-10-21T08:50:00.000Z,payments-db,active_connections,11.0
2026-10-21T08:50:00.000Z,payments-db,query_p99_ms,8.2
2026-10-21T08:50:00.000Z,fraud-api,p99_latency_ms,122.7
2026-10-21T08:50:00.000Z,checkout-service,http_5xx_per_min,4.7
2026-10-21T08:50:00.000Z,notification-service,email_failures_per_min,0.8
2026-10-21T08:51:00.000Z,payment-service,http_5xx_per_min,27.0
2026-10-21T08:51:00.000Z,payment-service,http_p99_latency_ms,246.9
2026-10-21T08:51:00.000Z,payment-service,refund_requests_per_min,1.8
2026-10-21T08:51:00.000Z,payments-db,active_connections,11.0
2026-10-21T08:51:00.000Z,payments-db,query_p99_ms,8.8
2026-10-21T08:51:00.000Z,fraud-api,p99_latency_ms,118.7
2026-10-21T08:51:00.000Z,checkout-service,http_5xx_per_min,4.1
2026-10-21T08:51:00.000Z,notification-service,email_failures_per_min,1.4
2026-10-21T08:52:00.000Z,payment-service,http_5xx_per_min,24.4
2026-10-21T08:52:00.000Z,payment-service,http_p99_latency_ms,233.9
2026-10-21T08:52:00.000Z,payment-service,refund_requests_per_min,1.7
2026-10-21T08:52:00.000Z,payments-db,active_connections,12.0
2026-10-21T08:52:00.000Z,payments-db,query_p99_ms,10.1
2026-10-21T08:52:00.000Z,fraud-api,p99_latency_ms,114.6
2026-10-21T08:52:00.000Z,checkout-service,http_5xx_per_min,4.9
2026-10-21T08:52:00.000Z,notification-service,email_failures_per_min,0.8
2026-10-21T08:53:00.000Z,payment-service,http_5xx_per_min,23.3
2026-10-21T08:53:00.000Z,payment-service,http_p99_latency_ms,246.5
2026-10-21T08:53:00.000Z,payment-service,refund_requests_per_min,1.1
2026-10-21T08:53:00.000Z,payments-db,active_connections,12.0
2026-10-21T08:53:00.000Z,payments-db,query_p99_ms,8.1
2026-10-21T08:53:00.000Z,fraud-api,p99_latency_ms,120.6
2026-10-21T08:53:00.000Z,checkout-service,http_5xx_per_min,4.3
2026-10-21T08:53:00.000Z,notification-service,email_failures_per_min,0.8
2026-10-21T08:54:00.000Z,payment-service,http_5xx_per_min,26.7
2026-10-21T08:54:00.000Z,payment-service,http_p99_latency_ms,233.2
2026-10-21T08:54:00.000Z,payment-service,refund_requests_per_min,1.1
2026-10-21T08:54:00.000Z,payments-db,active_connections,10.0
2026-10-21T08:54:00.000Z,payments-db,query_p99_ms,10.5
2026-10-21T08:54:00.000Z,fraud-api,p99_latency_ms,125.1
2026-10-21T08:54:00.000Z,checkout-service,http_5xx_per_min,3.3
2026-10-21T08:54:00.000Z,notification-service,email_failures_per_min,1.4
2026-10-21T08:55:00.000Z,payment-service,http_5xx_per_min,24.3
2026-10-21T08:55:00.000Z,payment-service,http_p99_latency_ms,230.9
2026-10-21T08:55:00.000Z,payment-service,refund_requests_per_min,2.5
2026-10-21T08:55:00.000Z,payments-db,active_connections,13.0
2026-10-21T08:55:00.000Z,payments-db,query_p99_ms,8.1
2026-10-21T08:55:00.000Z,fraud-api,p99_latency_ms,120.7
2026-10-21T08:55:00.000Z,checkout-service,http_5xx_per_min,4.1
2026-10-21T08:55:00.000Z,notification-service,email_failures_per_min,1.3
2026-10-21T08:56:00.000Z,payment-service,http_5xx_per_min,26.2
2026-10-21T08:56:00.000Z,payment-service,http_p99_latency_ms,248.6
2026-10-21T08:56:00.000Z,payment-service,refund_requests_per_min,1.5
2026-10-21T08:56:00.000Z,payments-db,active_connections,13.0
2026-10-21T08:56:00.000Z,payments-db,query_p99_ms,9.6
2026-10-21T08:56:00.000Z,fraud-api,p99_latency_ms,127.8
2026-10-21T08:56:00.000Z,checkout-service,http_5xx_per_min,4.7
2026-10-21T08:56:00.000Z,notification-service,email_failures_per_min,1.0
2026-10-21T08:57:00.000Z,payment-service,http_5xx_per_min,23.1
2026-10-21T08:57:00.000Z,payment-service,http_p99_latency_ms,233.7
2026-10-21T08:57:00.000Z,payment-service,refund_requests_per_min,2.0
2026-10-21T08:57:00.000Z,payments-db,active_connections,11.0
2026-10-21T08:57:00.000Z,payments-db,query_p99_ms,7.0
2026-10-21T08:57:00.000Z,fraud-api,p99_latency_ms,116.2
2026-10-21T08:57:00.000Z,checkout-service,http_5xx_per_min,4.9
2026-10-21T08:57:00.000Z,notification-service,email_failures_per_min,1.4
2026-10-21T08:58:00.000Z,payment-service,http_5xx_per_min,23.8
2026-10-21T08:58:00.000Z,payment-service,http_p99_latency_ms,239.6
2026-10-21T08:58:00.000Z,payment-service,refund_requests_per_min,1.2
2026-10-21T08:58:00.000Z,payments-db,active_connections,13.0
2026-10-21T08:58:00.000Z,payments-db,query_p99_ms,8.7
2026-10-21T08:58:00.000Z,fraud-api,p99_latency_ms,121.1
2026-10-21T08:58:00.000Z,checkout-service,http_5xx_per_min,4.3
2026-10-21T08:58:00.000Z,notification-service,email_failures_per_min,0.7
2026-10-21T08:59:00.000Z,payment-service,http_5xx_per_min,24.8
2026-10-21T08:59:00.000Z,payment-service,http_p99_latency_ms,248.3
2026-10-21T08:59:00.000Z,payment-service,refund_requests_per_min,2.7
2026-10-21T08:59:00.000Z,payments-db,active_connections,12.0
2026-10-21T08:59:00.000Z,payments-db,query_p99_ms,10.2
2026-10-21T08:59:00.000Z,fraud-api,p99_latency_ms,110.9
2026-10-21T08:59:00.000Z,checkout-service,http_5xx_per_min,3.6
2026-10-21T08:59:00.000Z,notification-service,email_failures_per_min,1.5
2026-10-21T09:00:00.000Z,payment-service,http_5xx_per_min,26.7
2026-10-21T09:00:00.000Z,payment-service,http_p99_latency_ms,248.5
2026-10-21T09:00:00.000Z,payment-service,refund_requests_per_min,2.1
2026-10-21T09:00:00.000Z,payments-db,active_connections,13.0
2026-10-21T09:00:00.000Z,payments-db,query_p99_ms,9.1
2026-10-21T09:00:00.000Z,fraud-api,p99_latency_ms,122.2
2026-10-21T09:00:00.000Z,checkout-service,http_5xx_per_min,4.9
2026-10-21T09:00:00.000Z,notification-service,email_failures_per_min,1.1
2026-10-21T09:01:00.000Z,payment-service,http_5xx_per_min,22.4
2026-10-21T09:01:00.000Z,payment-service,http_p99_latency_ms,224.5
2026-10-21T09:01:00.000Z,payment-service,refund_requests_per_min,2.5
2026-10-21T09:01:00.000Z,payments-db,active_connections,12.0
2026-10-21T09:01:00.000Z,payments-db,query_p99_ms,9.8
2026-10-21T09:01:00.000Z,fraud-api,p99_latency_ms,116.8
2026-10-21T09:01:00.000Z,checkout-service,http_5xx_per_min,3.2
2026-10-21T09:01:00.000Z,notification-service,email_failures_per_min,1.2
2026-10-21T09:02:00.000Z,payment-service,http_5xx_per_min,25.4
2026-10-21T09:02:00.000Z,payment-service,http_p99_latency_ms,240.5
2026-10-21T09:02:00.000Z,payment-service,refund_requests_per_min,2.6
2026-10-21T09:02:00.000Z,payments-db,active_connections,5.0
2026-10-21T09:02:00.000Z,payments-db,query_p99_ms,9.9
2026-10-21T09:02:00.000Z,fraud-api,p99_latency_ms,116.4
2026-10-21T09:02:00.000Z,checkout-service,http_5xx_per_min,4.2
2026-10-21T09:02:00.000Z,notification-service,email_failures_per_min,0.8
2026-10-21T09:03:00.000Z,payment-service,http_5xx_per_min,22.7
2026-10-21T09:03:00.000Z,payment-service,http_p99_latency_ms,221.3
2026-10-21T09:03:00.000Z,payment-service,refund_requests_per_min,2.5
2026-10-21T09:03:00.000Z,payments-db,active_connections,5.0
2026-10-21T09:03:00.000Z,payments-db,query_p99_ms,9.3
2026-10-21T09:03:00.000Z,fraud-api,p99_latency_ms,124.5
2026-10-21T09:03:00.000Z,checkout-service,http_5xx_per_min,4.7
2026-10-21T09:03:00.000Z,notification-service,email_failures_per_min,0.8
2026-10-21T09:04:00.000Z,payment-service,http_5xx_per_min,22.1
2026-10-21T09:04:00.000Z,payment-service,http_p99_latency_ms,14973.7
2026-10-21T09:04:00.000Z,payment-service,refund_requests_per_min,1.3
2026-10-21T09:04:00.000Z,payments-db,active_connections,5.0
2026-10-21T09:04:00.000Z,payments-db,query_p99_ms,7.9
2026-10-21T09:04:00.000Z,fraud-api,p99_latency_ms,118.2
2026-10-21T09:04:00.000Z,checkout-service,http_5xx_per_min,4.2
2026-10-21T09:04:00.000Z,notification-service,email_failures_per_min,0.7
2026-10-21T09:05:00.000Z,payment-service,http_5xx_per_min,43.3
2026-10-21T09:05:00.000Z,payment-service,http_p99_latency_ms,29803.5
2026-10-21T09:05:00.000Z,payment-service,refund_requests_per_min,1.2
2026-10-21T09:05:00.000Z,payments-db,active_connections,5.0
2026-10-21T09:05:00.000Z,payments-db,query_p99_ms,7.8
2026-10-21T09:05:00.000Z,fraud-api,p99_latency_ms,128.5
2026-10-21T09:05:00.000Z,checkout-service,http_5xx_per_min,3.7
2026-10-21T09:05:00.000Z,notification-service,email_failures_per_min,1.2
2026-10-21T09:06:00.000Z,payment-service,http_5xx_per_min,77.9
2026-10-21T09:06:00.000Z,payment-service,http_p99_latency_ms,29820.0
2026-10-21T09:06:00.000Z,payment-service,refund_requests_per_min,1.3
2026-10-21T09:06:00.000Z,payments-db,active_connections,5.0
2026-10-21T09:06:00.000Z,payments-db,query_p99_ms,9.3
2026-10-21T09:06:00.000Z,fraud-api,p99_latency_ms,115.3
2026-10-21T09:06:00.000Z,checkout-service,http_5xx_per_min,20.3
2026-10-21T09:06:00.000Z,notification-service,email_failures_per_min,1.3
2026-10-21T09:07:00.000Z,payment-service,http_5xx_per_min,102.5
2026-10-21T09:07:00.000Z,payment-service,http_p99_latency_ms,29808.4
2026-10-21T09:07:00.000Z,payment-service,refund_requests_per_min,2.3
2026-10-21T09:07:00.000Z,payments-db,active_connections,5.0
2026-10-21T09:07:00.000Z,payments-db,query_p99_ms,7.7
2026-10-21T09:07:00.000Z,fraud-api,p99_latency_ms,117.4
2026-10-21T09:07:00.000Z,checkout-service,http_5xx_per_min,39.8
2026-10-21T09:07:00.000Z,notification-service,email_failures_per_min,0.8
2026-10-21T09:08:00.000Z,payment-service,http_5xx_per_min,94.1
2026-10-21T09:08:00.000Z,payment-service,http_p99_latency_ms,29749.3
2026-10-21T09:08:00.000Z,payment-service,refund_requests_per_min,1.5
2026-10-21T09:08:00.000Z,payments-db,active_connections,5.0
2026-10-21T09:08:00.000Z,payments-db,query_p99_ms,10.3
2026-10-21T09:08:00.000Z,fraud-api,p99_latency_ms,119.7
2026-10-21T09:08:00.000Z,checkout-service,http_5xx_per_min,57.2
2026-10-21T09:08:00.000Z,notification-service,email_failures_per_min,0.7
2026-10-21T09:09:00.000Z,payment-service,http_5xx_per_min,92.9
2026-10-21T09:09:00.000Z,payment-service,http_p99_latency_ms,29796.4
2026-10-21T09:09:00.000Z,payment-service,refund_requests_per_min,1.8
2026-10-21T09:09:00.000Z,payments-db,active_connections,5.0
2026-10-21T09:09:00.000Z,payments-db,query_p99_ms,10.5
2026-10-21T09:09:00.000Z,fraud-api,p99_latency_ms,128.9
2026-10-21T09:09:00.000Z,checkout-service,http_5xx_per_min,52.8
2026-10-21T09:09:00.000Z,notification-service,email_failures_per_min,1.1
2026-10-21T09:10:00.000Z,payment-service,http_5xx_per_min,98.7
2026-10-21T09:10:00.000Z,payment-service,http_p99_latency_ms,29784.4
2026-10-21T09:10:00.000Z,payment-service,refund_requests_per_min,1.5
2026-10-21T09:10:00.000Z,payments-db,active_connections,5.0
2026-10-21T09:10:00.000Z,payments-db,query_p99_ms,8.3
2026-10-21T09:10:00.000Z,fraud-api,p99_latency_ms,123.2
2026-10-21T09:10:00.000Z,checkout-service,http_5xx_per_min,55.7
2026-10-21T09:10:00.000Z,notification-service,email_failures_per_min,1.2
2026-10-21T09:11:00.000Z,payment-service,http_5xx_per_min,108.9
2026-10-21T09:11:00.000Z,payment-service,http_p99_latency_ms,29787.4
2026-10-21T09:11:00.000Z,payment-service,refund_requests_per_min,1.8
2026-10-21T09:11:00.000Z,payments-db,active_connections,5.0
2026-10-21T09:11:00.000Z,payments-db,query_p99_ms,8.8
2026-10-21T09:11:00.000Z,fraud-api,p99_latency_ms,122.4
2026-10-21T09:11:00.000Z,checkout-service,http_5xx_per_min,53.1
2026-10-21T09:11:00.000Z,notification-service,email_failures_per_min,0.8
2026-10-21T09:12:00.000Z,payment-service,http_5xx_per_min,106.0
2026-10-21T09:12:00.000Z,payment-service,http_p99_latency_ms,29809.8
2026-10-21T09:12:00.000Z,payment-service,refund_requests_per_min,2.4
2026-10-21T09:12:00.000Z,payments-db,active_connections,5.0
2026-10-21T09:12:00.000Z,payments-db,query_p99_ms,9.2
2026-10-21T09:12:00.000Z,fraud-api,p99_latency_ms,117.0
2026-10-21T09:12:00.000Z,checkout-service,http_5xx_per_min,56.8
2026-10-21T09:12:00.000Z,notification-service,email_failures_per_min,1.3
2026-10-21T09:13:00.000Z,payment-service,http_5xx_per_min,94.7
2026-10-21T09:13:00.000Z,payment-service,http_p99_latency_ms,29837.0
2026-10-21T09:13:00.000Z,payment-service,refund_requests_per_min,2.1
2026-10-21T09:13:00.000Z,payments-db,active_connections,5.0
2026-10-21T09:13:00.000Z,payments-db,query_p99_ms,7.1
2026-10-21T09:13:00.000Z,fraud-api,p99_latency_ms,122.5
2026-10-21T09:13:00.000Z,checkout-service,http_5xx_per_min,53.0
2026-10-21T09:13:00.000Z,notification-service,email_failures_per_min,1.1
2026-10-21T09:14:00.000Z,payment-service,http_5xx_per_min,106.3
2026-10-21T09:14:00.000Z,payment-service,http_p99_latency_ms,29785.1
2026-10-21T09:14:00.000Z,payment-service,refund_requests_per_min,1.6
2026-10-21T09:14:00.000Z,payments-db,active_connections,5.0
2026-10-21T09:14:00.000Z,payments-db,query_p99_ms,9.4
2026-10-21T09:14:00.000Z,fraud-api,p99_latency_ms,112.0
2026-10-21T09:14:00.000Z,checkout-service,http_5xx_per_min,57.4
2026-10-21T09:14:00.000Z,notification-service,email_failures_per_min,1.2
2026-10-21T09:15:00.000Z,payment-service,http_5xx_per_min,98.3
2026-10-21T09:15:00.000Z,payment-service,http_p99_latency_ms,29801.4
2026-10-21T09:15:00.000Z,payment-service,refund_requests_per_min,2.8
2026-10-21T09:15:00.000Z,payments-db,active_connections,5.0
2026-10-21T09:15:00.000Z,payments-db,query_p99_ms,9.1
2026-10-21T09:15:00.000Z,fraud-api,p99_latency_ms,129.3
2026-10-21T09:15:00.000Z,checkout-service,http_5xx_per_min,57.0
2026-10-21T09:15:00.000Z,notification-service,email_failures_per_min,1.4
2026-10-21T09:16:00.000Z,payment-service,http_5xx_per_min,95.6
2026-10-21T09:16:00.000Z,payment-service,http_p99_latency_ms,29841.8
2026-10-21T09:16:00.000Z,payment-service,refund_requests_per_min,2.2
2026-10-21T09:16:00.000Z,payments-db,active_connections,5.0
2026-10-21T09:16:00.000Z,payments-db,query_p99_ms,9.2
2026-10-21T09:16:00.000Z,fraud-api,p99_latency_ms,116.1
2026-10-21T09:16:00.000Z,checkout-service,http_5xx_per_min,52.9
2026-10-21T09:16:00.000Z,notification-service,email_failures_per_min,1.1
2026-10-21T09:17:00.000Z,payment-service,http_5xx_per_min,102.5
2026-10-21T09:17:00.000Z,payment-service,http_p99_latency_ms,29813.1
2026-10-21T09:17:00.000Z,payment-service,refund_requests_per_min,1.5
2026-10-21T09:17:00.000Z,payments-db,active_connections,5.0
2026-10-21T09:17:00.000Z,payments-db,query_p99_ms,8.3
2026-10-21T09:17:00.000Z,fraud-api,p99_latency_ms,121.7
2026-10-21T09:17:00.000Z,checkout-service,http_5xx_per_min,54.1
2026-10-21T09:17:00.000Z,notification-service,email_failures_per_min,0.6
2026-10-21T09:18:00.000Z,payment-service,http_5xx_per_min,97.8
2026-10-21T09:18:00.000Z,payment-service,http_p99_latency_ms,29808.0
2026-10-21T09:18:00.000Z,payment-service,refund_requests_per_min,1.0
2026-10-21T09:18:00.000Z,payments-db,active_connections,5.0
2026-10-21T09:18:00.000Z,payments-db,query_p99_ms,8.9
2026-10-21T09:18:00.000Z,fraud-api,p99_latency_ms,121.2
2026-10-21T09:18:00.000Z,checkout-service,http_5xx_per_min,52.3
2026-10-21T09:18:00.000Z,notification-service,email_failures_per_min,0.6
2026-10-21T09:19:00.000Z,payment-service,http_5xx_per_min,95.0
2026-10-21T09:19:00.000Z,payment-service,http_p99_latency_ms,29746.8
2026-10-21T09:19:00.000Z,payment-service,refund_requests_per_min,2.9
2026-10-21T09:19:00.000Z,payments-db,active_connections,5.0
2026-10-21T09:19:00.000Z,payments-db,query_p99_ms,7.4
2026-10-21T09:19:00.000Z,fraud-api,p99_latency_ms,126.4
2026-10-21T09:19:00.000Z,checkout-service,http_5xx_per_min,53.7
2026-10-21T09:19:00.000Z,notification-service,email_failures_per_min,1.3
2026-10-21T09:20:00.000Z,payment-service,http_5xx_per_min,106.8
2026-10-21T09:20:00.000Z,payment-service,http_p99_latency_ms,29838.2
2026-10-21T09:20:00.000Z,payment-service,refund_requests_per_min,2.9
2026-10-21T09:20:00.000Z,payments-db,active_connections,5.0
2026-10-21T09:20:00.000Z,payments-db,query_p99_ms,8.7
2026-10-21T09:20:00.000Z,fraud-api,p99_latency_ms,114.3
2026-10-21T09:20:00.000Z,checkout-service,http_5xx_per_min,52.1
2026-10-21T09:20:00.000Z,notification-service,email_failures_per_min,1.0
2026-10-21T09:21:00.000Z,payment-service,http_5xx_per_min,94.9
2026-10-21T09:21:00.000Z,payment-service,http_p99_latency_ms,29787.5
2026-10-21T09:21:00.000Z,payment-service,refund_requests_per_min,1.8
2026-10-21T09:21:00.000Z,payments-db,active_connections,5.0
2026-10-21T09:21:00.000Z,payments-db,query_p99_ms,7.8
2026-10-21T09:21:00.000Z,fraud-api,p99_latency_ms,113.0
2026-10-21T09:21:00.000Z,checkout-service,http_5xx_per_min,52.6
2026-10-21T09:21:00.000Z,notification-service,email_failures_per_min,1.0
2026-10-21T09:22:00.000Z,payment-service,http_5xx_per_min,104.7
2026-10-21T09:22:00.000Z,payment-service,http_p99_latency_ms,29831.0
2026-10-21T09:22:00.000Z,payment-service,refund_requests_per_min,1.2
2026-10-21T09:22:00.000Z,payments-db,active_connections,5.0
2026-10-21T09:22:00.000Z,payments-db,query_p99_ms,10.3
2026-10-21T09:22:00.000Z,fraud-api,p99_latency_ms,125.3
2026-10-21T09:22:00.000Z,checkout-service,http_5xx_per_min,53.3
2026-10-21T09:22:00.000Z,notification-service,email_failures_per_min,0.9
2026-10-21T09:23:00.000Z,payment-service,http_5xx_per_min,101.1
2026-10-21T09:23:00.000Z,payment-service,http_p99_latency_ms,29792.2
2026-10-21T09:23:00.000Z,payment-service,refund_requests_per_min,2.1
2026-10-21T09:23:00.000Z,payments-db,active_connections,5.0
2026-10-21T09:23:00.000Z,payments-db,query_p99_ms,8.3
2026-10-21T09:23:00.000Z,fraud-api,p99_latency_ms,125.6
2026-10-21T09:23:00.000Z,checkout-service,http_5xx_per_min,56.6
2026-10-21T09:23:00.000Z,notification-service,email_failures_per_min,0.9
2026-10-21T09:24:00.000Z,payment-service,http_5xx_per_min,98.8
2026-10-21T09:24:00.000Z,payment-service,http_p99_latency_ms,29769.1
2026-10-21T09:24:00.000Z,payment-service,refund_requests_per_min,2.1
2026-10-21T09:24:00.000Z,payments-db,active_connections,5.0
2026-10-21T09:24:00.000Z,payments-db,query_p99_ms,10.1
2026-10-21T09:24:00.000Z,fraud-api,p99_latency_ms,112.3
2026-10-21T09:24:00.000Z,checkout-service,http_5xx_per_min,52.2
2026-10-21T09:24:00.000Z,notification-service,email_failures_per_min,1.2
2026-10-21T09:25:00.000Z,payment-service,http_5xx_per_min,97.4
2026-10-21T09:25:00.000Z,payment-service,http_p99_latency_ms,29824.6
2026-10-21T09:25:00.000Z,payment-service,refund_requests_per_min,2.8
2026-10-21T09:25:00.000Z,payments-db,active_connections,5.0
2026-10-21T09:25:00.000Z,payments-db,query_p99_ms,7.3
2026-10-21T09:25:00.000Z,fraud-api,p99_latency_ms,118.3
2026-10-21T09:25:00.000Z,checkout-service,http_5xx_per_min,53.7
2026-10-21T09:25:00.000Z,notification-service,email_failures_per_min,0.8
2026-10-21T09:26:00.000Z,payment-service,http_5xx_per_min,104.6
2026-10-21T09:26:00.000Z,payment-service,http_p99_latency_ms,29804.1
2026-10-21T09:26:00.000Z,payment-service,refund_requests_per_min,1.5
2026-10-21T09:26:00.000Z,payments-db,active_connections,5.0
2026-10-21T09:26:00.000Z,payments-db,query_p99_ms,8.1
2026-10-21T09:26:00.000Z,fraud-api,p99_latency_ms,114.5
2026-10-21T09:26:00.000Z,checkout-service,http_5xx_per_min,56.5
2026-10-21T09:26:00.000Z,notification-service,email_failures_per_min,0.6
2026-10-21T09:27:00.000Z,payment-service,http_5xx_per_min,93.9
2026-10-21T09:27:00.000Z,payment-service,http_p99_latency_ms,29779.4
2026-10-21T09:27:00.000Z,payment-service,refund_requests_per_min,1.9
2026-10-21T09:27:00.000Z,payments-db,active_connections,5.0
2026-10-21T09:27:00.000Z,payments-db,query_p99_ms,8.9
2026-10-21T09:27:00.000Z,fraud-api,p99_latency_ms,129.7
2026-10-21T09:27:00.000Z,checkout-service,http_5xx_per_min,55.1
2026-10-21T09:27:00.000Z,notification-service,email_failures_per_min,0.6
2026-10-21T09:28:00.000Z,payment-service,http_5xx_per_min,94.1
2026-10-21T09:28:00.000Z,payment-service,http_p99_latency_ms,29755.3
2026-10-21T09:28:00.000Z,payment-service,refund_requests_per_min,1.8
2026-10-21T09:28:00.000Z,payments-db,active_connections,5.0
2026-10-21T09:28:00.000Z,payments-db,query_p99_ms,8.1
2026-10-21T09:28:00.000Z,fraud-api,p99_latency_ms,113.0
2026-10-21T09:28:00.000Z,checkout-service,http_5xx_per_min,55.5
2026-10-21T09:28:00.000Z,notification-service,email_failures_per_min,1.1
2026-10-21T09:29:00.000Z,payment-service,http_5xx_per_min,105.5
2026-10-21T09:29:00.000Z,payment-service,http_p99_latency_ms,29809.0
2026-10-21T09:29:00.000Z,payment-service,refund_requests_per_min,2.4
2026-10-21T09:29:00.000Z,payments-db,active_connections,5.0
2026-10-21T09:29:00.000Z,payments-db,query_p99_ms,10.7
2026-10-21T09:29:00.000Z,fraud-api,p99_latency_ms,128.9
2026-10-21T09:29:00.000Z,checkout-service,http_5xx_per_min,56.4
2026-10-21T09:29:00.000Z,notification-service,email_failures_per_min,0.6
2026-10-21T09:30:00.000Z,payment-service,http_5xx_per_min,101.9
2026-10-21T09:30:00.000Z,payment-service,http_p99_latency_ms,29778.7
2026-10-21T09:30:00.000Z,payment-service,refund_requests_per_min,1.1
2026-10-21T09:30:00.000Z,payments-db,active_connections,5.0
2026-10-21T09:30:00.000Z,payments-db,query_p99_ms,10.6
2026-10-21T09:30:00.000Z,fraud-api,p99_latency_ms,112.8
2026-10-21T09:30:00.000Z,checkout-service,http_5xx_per_min,54.7
2026-10-21T09:30:00.000Z,notification-service,email_failures_per_min,1.5
2026-10-21T09:31:00.000Z,payment-service,http_5xx_per_min,92.4
2026-10-21T09:31:00.000Z,payment-service,http_p99_latency_ms,29838.6
2026-10-21T09:31:00.000Z,payment-service,refund_requests_per_min,2.7
2026-10-21T09:31:00.000Z,payments-db,active_connections,5.0
2026-10-21T09:31:00.000Z,payments-db,query_p99_ms,10.4
2026-10-21T09:31:00.000Z,fraud-api,p99_latency_ms,123.6
2026-10-21T09:31:00.000Z,checkout-service,http_5xx_per_min,57.6
2026-10-21T09:31:00.000Z,notification-service,email_failures_per_min,1.3
2026-10-21T09:32:00.000Z,payment-service,http_5xx_per_min,93.2
2026-10-21T09:32:00.000Z,payment-service,http_p99_latency_ms,29786.3
2026-10-21T09:32:00.000Z,payment-service,refund_requests_per_min,2.2
2026-10-21T09:32:00.000Z,payments-db,active_connections,5.0
2026-10-21T09:32:00.000Z,payments-db,query_p99_ms,8.2
2026-10-21T09:32:00.000Z,fraud-api,p99_latency_ms,125.6
2026-10-21T09:32:00.000Z,checkout-service,http_5xx_per_min,57.4
2026-10-21T09:32:00.000Z,notification-service,email_failures_per_min,1.4
2026-10-21T09:33:00.000Z,payment-service,http_5xx_per_min,100.6
2026-10-21T09:33:00.000Z,payment-service,http_p99_latency_ms,29786.2
2026-10-21T09:33:00.000Z,payment-service,refund_requests_per_min,2.3
2026-10-21T09:33:00.000Z,payments-db,active_connections,5.0
2026-10-21T09:33:00.000Z,payments-db,query_p99_ms,7.5
2026-10-21T09:33:00.000Z,fraud-api,p99_latency_ms,114.2
2026-10-21T09:33:00.000Z,checkout-service,http_5xx_per_min,52.7
2026-10-21T09:33:00.000Z,notification-service,email_failures_per_min,0.6
